messageId;deviceId;temperature;humidity;EventProcessedUtcTime;PartitionId;EventEnqueuedUtcTime;IoTHub
4067;hack4tkSimData;23.442802188658529;60.699959742231279;2017-06-26T18:19:20.0464479Z;3;2017-06-26T18:17:32.1560000Z;Record
4068;hack4tkSimData;34.421607036805526;75.435141751279659;2017-06-26T18:19:20.2652001Z;3;2017-06-26T18:17:33.2040000Z;Record
4069;hack4tkSimData;31.745300535925338;67.9850022159447;2017-06-26T18:19:20.2652001Z;3;2017-06-26T18:17:34.2350000Z;Record
4070;hack4tkSimData;21.145323066108546;60.233102422316144;2017-06-26T18:19:20.2652001Z;3;2017-06-26T18:17:35.2820000Z;Record
4071;hack4tkSimData;24.66236039049102;78.922697249298309;2017-06-26T18:19:20.2652001Z;3;2017-06-26T18:17:36.3290000Z;Record
4072;hack4tkSimData;32.365636039695531;65.980151847926976;2017-06-26T18:19:20.2652001Z;3;2017-06-26T18:17:37.3760000Z;Record
4073;hack4tkSimData;26.082480401304775;63.007366928741042;2017-06-26T18:19:20.2652001Z;3;2017-06-26T18:17:38.4220000Z;Record
4074;hack4tkSimData;23.410996700828427;70.763590769266514;2017-06-26T18:19:20.2652001Z;3;2017-06-26T18:17:39.4690000Z;Record
4075;hack4tkSimData;25.958827191944621;73.76963773452195;2017-06-26T18:19:20.2652001Z;3;2017-06-26T18:17:40.5160000Z;Record
4076;hack4tkSimData;34.720836579669658;65.207014076973778;2017-06-26T18:19:20.2652001Z;3;2017-06-26T18:17:41.6720000Z;Record
4077;hack4tkSimData;29.370924855755142;75.08809931347524;2017-06-26T18:19:20.2652001Z;3;2017-06-26T18:17:42.7040000Z;Record
4078;hack4tkSimData;32.963205651828652;60.602170536574988;2017-06-26T18:19:20.2652001Z;3;2017-06-26T18:17:43.7510000Z;Record
4079;hack4tkSimData;26.093950882132141;79.247805503778068;2017-06-26T18:19:20.2652001Z;3;2017-06-26T18:17:44.8130000Z;Record
4080;hack4tkSimData;25.726955503098182;78.266694172409686;2017-06-26T18:19:20.2652001Z;3;2017-06-26T18:17:45.8600000Z;Record
4081;hack4tkSimData;33.655970808424044;65.757084091080856;2017-06-26T18:19:20.2652001Z;3;2017-06-26T18:17:46.9070000Z;Record
4082;hack4tkSimData;32.559191981590907;77.982567706137232;2017-06-26T18:19:20.2652001Z;3;2017-06-26T18:17:47.9690000Z;Record
4083;hack4tkSimData;33.6734011297456;67.203189435975247;2017-06-26T18:19:20.2652001Z;3;2017-06-26T18:17:49.0010000Z;Record
4084;hack4tkSimData;29.660990394028367;77.731070340485815;2017-06-26T18:19:20.2652001Z;3;2017-06-26T18:17:50.0470000Z;Record
4085;hack4tkSimData;33.920176226608532;63.006288196428812;2017-06-26T18:19:20.2652001Z;3;2017-06-26T18:17:51.1100000Z;Record
4086;hack4tkSimData;31.975075652345584;62.794989721288431;2017-06-26T18:19:20.2652001Z;3;2017-06-26T18:17:52.1570000Z;Record
4087;hack4tkSimData;33.316412360089089;71.194553585347975;2017-06-26T18:19:20.2652001Z;3;2017-06-26T18:17:53.2040000Z;Record
4088;hack4tkSimData;26.498855255310822;64.0938834026893;2017-06-26T18:19:20.2652001Z;3;2017-06-26T18:17:54.2520000Z;Record
4089;hack4tkSimData;33.377553559084213;63.772479828341154;2017-06-26T18:19:20.2652001Z;3;2017-06-26T18:17:55.2970000Z;Record
4090;hack4tkSimData;23.353006552603564;69.087812942027966;2017-06-26T18:19:20.2652001Z;3;2017-06-26T18:17:56.3610000Z;Record
4091;hack4tkSimData;20.928045667674414;73.069642685851846;2017-06-26T18:19:20.2652001Z;3;2017-06-26T18:17:57.4080000Z;Record
4092;hack4tkSimData;23.534067493646436;71.044674343915972;2017-06-26T18:19:20.2652001Z;3;2017-06-26T18:17:58.4700000Z;Record
4093;hack4tkSimData;31.888936118636714;60.14084083034696;2017-06-26T18:19:20.2652001Z;3;2017-06-26T18:17:59.5180000Z;Record
4094;hack4tkSimData;23.909581282133971;69.502303604736142;2017-06-26T18:19:20.2652001Z;3;2017-06-26T18:18:00.5650000Z;Record
4095;hack4tkSimData;22.561764154844809;78.626638845832389;2017-06-26T18:19:20.2652001Z;3;2017-06-26T18:18:01.6120000Z;Record
4096;hack4tkSimData;25.4824054313276;76.41259521078905;2017-06-26T18:19:20.2652001Z;3;2017-06-26T18:18:02.6590000Z;Record
4097;hack4tkSimData;20.261796158860342;63.260403249068375;2017-06-26T18:19:20.2652001Z;3;2017-06-26T18:18:03.7060000Z;Record
4098;hack4tkSimData;21.518856008313065;60.459396429573836;2017-06-26T18:19:20.2808072Z;3;2017-06-26T18:18:04.7690000Z;Record
4099;hack4tkSimData;21.632830955382822;78.504947013456814;2017-06-26T18:19:20.2808072Z;3;2017-06-26T18:18:05.8150000Z;Record
4100;hack4tkSimData;25.811712756199629;60.906784432431117;2017-06-26T18:19:20.2808072Z;3;2017-06-26T18:18:06.8620000Z;Record
4101;hack4tkSimData;27.594534802527416;66.81692526061876;2017-06-26T18:19:20.2808072Z;3;2017-06-26T18:18:07.9250000Z;Record
4102;hack4tkSimData;29.15251685034135;64.938814726164011;2017-06-26T18:19:20.2808072Z;3;2017-06-26T18:18:08.9870000Z;Record
4103;hack4tkSimData;33.352152648545868;76.832792384937775;2017-06-26T18:19:20.2808072Z;3;2017-06-26T18:18:10.0190000Z;Record
4104;hack4tkSimData;25.588848197641248;61.300012888992214;2017-06-26T18:19:20.2808072Z;3;2017-06-26T18:18:11.0680000Z;Record
4105;hack4tkSimData;24.817219229795604;73.1903907997489;2017-06-26T18:19:20.2808072Z;3;2017-06-26T18:18:12.1150000Z;Record
4106;hack4tkSimData;22.074074343347025;64.3527880145017;2017-06-26T18:19:20.2808072Z;3;2017-06-26T18:18:13.1460000Z;Record
4107;hack4tkSimData;31.082847575229987;78.548127728769614;2017-06-26T18:19:20.2808072Z;3;2017-06-26T18:18:14.1960000Z;Record
4108;hack4tkSimData;32.77197496163285;65.13831839204687;2017-06-26T18:19:20.2808072Z;3;2017-06-26T18:18:15.2430000Z;Record
4109;hack4tkSimData;20.783745574664206;65.700914964871913;2017-06-26T18:19:20.2808072Z;3;2017-06-26T18:18:16.3360000Z;Record
4110;hack4tkSimData;21.597989660966206;78.0903606759805;2017-06-26T18:19:20.2808072Z;3;2017-06-26T18:18:17.3690000Z;Record
4111;hack4tkSimData;21.492810794847465;63.379016920635017;2017-06-26T18:19:20.2808072Z;3;2017-06-26T18:18:18.4160000Z;Record
4112;hack4tkSimData;30.736538600519552;79.933596122979;2017-06-26T18:19:20.2808072Z;3;2017-06-26T18:18:19.4630000Z;Record
4113;hack4tkSimData;31.77231071599401;79.554172325671729;2017-06-26T18:19:20.2808072Z;3;2017-06-26T18:18:20.5090000Z;Record
4114;hack4tkSimData;21.834446132105985;74.494813231050415;2017-06-26T18:19:20.2808072Z;3;2017-06-26T18:18:21.5560000Z;Record
4115;hack4tkSimData;26.87705918069792;68.2057439108406;2017-06-26T18:19:20.2808072Z;3;2017-06-26T18:18:22.6030000Z;Record
4116;hack4tkSimData;21.437581596634157;79.331791065322136;2017-06-26T18:19:20.2808072Z;3;2017-06-26T18:18:23.6500000Z;Record
4117;hack4tkSimData;32.017647115056235;63.5638909710403;2017-06-26T18:19:20.2808072Z;3;2017-06-26T18:18:24.6970000Z;Record
4118;hack4tkSimData;34.221324903993555;74.420468962947126;2017-06-26T18:19:20.2808072Z;3;2017-06-26T18:18:25.7590000Z;Record
4119;hack4tkSimData;20.649715164047532;79.77327526536456;2017-06-26T18:19:20.2808072Z;3;2017-06-26T18:18:26.8060000Z;Record
4120;hack4tkSimData;29.931353109391104;79.019122439911172;2017-06-26T18:19:20.2808072Z;3;2017-06-26T18:18:27.8690000Z;Record
4121;hack4tkSimData;29.516782425118976;63.912762153853087;2017-06-26T18:19:20.2808072Z;3;2017-06-26T18:18:28.9160000Z;Record
4122;hack4tkSimData;22.309508473756495;70.225294740044177;2017-06-26T18:19:20.2808072Z;3;2017-06-26T18:18:29.9630000Z;Record
4123;hack4tkSimData;31.895904791027263;62.9570858939351;2017-06-26T18:19:20.2808072Z;3;2017-06-26T18:18:31.0250000Z;Record
4124;hack4tkSimData;21.2265988328618;61.800933816377508;2017-06-26T18:19:20.2808072Z;3;2017-06-26T18:18:32.0720000Z;Record
4125;hack4tkSimData;24.673327475168428;76.886822952370537;2017-06-26T18:19:20.2808072Z;3;2017-06-26T18:18:33.1190000Z;Record
4126;hack4tkSimData;34.560801747516173;76.476192975638526;2017-06-26T18:19:20.2964536Z;3;2017-06-26T18:18:34.1810000Z;Record
4127;hack4tkSimData;32.280720599126404;69.658589665619;2017-06-26T18:19:20.2964536Z;3;2017-06-26T18:18:35.2130000Z;Record
4128;hack4tkSimData;34.187277529475871;66.747029482734874;2017-06-26T18:19:20.2964536Z;3;2017-06-26T18:18:36.2750000Z;Record
4129;hack4tkSimData;29.376155344944522;72.269759677476145;2017-06-26T18:19:20.2964536Z;3;2017-06-26T18:18:37.3060000Z;Record
4130;hack4tkSimData;26.931800328629;78.248697872389428;2017-06-26T18:19:20.2964536Z;3;2017-06-26T18:18:38.3690000Z;Record
4131;hack4tkSimData;30.790148156597347;72.956984365804573;2017-06-26T18:19:20.2964536Z;3;2017-06-26T18:18:39.4310000Z;Record
4132;hack4tkSimData;29.097950486046237;78.21721506222022;2017-06-26T18:19:20.2964536Z;3;2017-06-26T18:18:40.4640000Z;Record
4133;hack4tkSimData;28.455211503177512;63.433641392473895;2017-06-26T18:19:20.2964536Z;3;2017-06-26T18:18:41.4970000Z;Record
4134;hack4tkSimData;26.246943895820039;71.213239129266356;2017-06-26T18:19:20.2964536Z;3;2017-06-26T18:18:42.5600000Z;Record
4135;hack4tkSimData;34.68977089258366;62.608830985896674;2017-06-26T18:19:20.2964536Z;3;2017-06-26T18:18:43.5910000Z;Record
4136;hack4tkSimData;23.204023629987624;61.2717188341877;2017-06-26T18:19:20.2964536Z;3;2017-06-26T18:18:44.6380000Z;Record
4137;hack4tkSimData;29.344333114262824;63.111530441377091;2017-06-26T18:19:20.2964536Z;3;2017-06-26T18:18:45.6850000Z;Record
4138;hack4tkSimData;24.050988081866404;78.077652239276858;2017-06-26T18:19:20.2964536Z;3;2017-06-26T18:18:46.7330000Z;Record
4139;hack4tkSimData;20.22475421671977;64.090090060648549;2017-06-26T18:19:20.2964536Z;3;2017-06-26T18:18:47.7800000Z;Record
4140;hack4tkSimData;23.054292301206985;72.739328394056912;2017-06-26T18:19:20.2964536Z;3;2017-06-26T18:18:48.8290000Z;Record
4141;hack4tkSimData;33.439030411392;60.6449943597638;2017-06-26T18:19:20.2964536Z;3;2017-06-26T18:18:49.8910000Z;Record
4142;hack4tkSimData;26.197782448119384;72.282589288560018;2017-06-26T18:19:20.2964536Z;3;2017-06-26T18:18:50.9380000Z;Record
4143;hack4tkSimData;26.593506185614274;65.44058248654035;2017-06-26T18:19:20.2964536Z;3;2017-06-26T18:18:52.0010000Z;Record
4144;hack4tkSimData;22.218122699865198;66.364939821122647;2017-06-26T18:19:20.2964536Z;3;2017-06-26T18:18:53.0490000Z;Record
4145;hack4tkSimData;23.485640698804353;72.2147370559232;2017-06-26T18:19:20.2964536Z;3;2017-06-26T18:18:54.0960000Z;Record
4146;hack4tkSimData;21.439196377265823;68.596527207920573;2017-06-26T18:19:20.2964536Z;3;2017-06-26T18:18:55.1580000Z;Record
4147;hack4tkSimData;27.898156120394429;74.993106273465372;2017-06-26T18:19:20.2964536Z;3;2017-06-26T18:18:56.2370000Z;Record
4148;hack4tkSimData;23.474193673336039;79.732058867687385;2017-06-26T18:19:20.2964536Z;3;2017-06-26T18:18:57.3000000Z;Record
4149;hack4tkSimData;28.836621129343577;64.8621295694551;2017-06-26T18:19:20.2964536Z;3;2017-06-26T18:18:58.3620000Z;Record
4150;hack4tkSimData;34.213759551855624;72.427564995562449;2017-06-26T18:19:20.2964536Z;3;2017-06-26T18:18:59.4090000Z;Record
4151;hack4tkSimData;30.970870524631287;70.422225981216059;2017-06-26T18:19:20.2964536Z;3;2017-06-26T18:19:00.4870000Z;Record
4152;hack4tkSimData;21.660929469699472;63.622272314327894;2017-06-26T18:19:20.2964536Z;3;2017-06-26T18:19:01.5340000Z;Record
4153;hack4tkSimData;29.461093584290282;78.142683495833865;2017-06-26T18:19:20.2964536Z;3;2017-06-26T18:19:02.5960000Z;Record
4154;hack4tkSimData;23.012811617466067;73.262763690791445;2017-06-26T18:19:20.2964536Z;3;2017-06-26T18:19:03.6430000Z;Record
4155;hack4tkSimData;23.192954167347846;60.8387178000243;2017-06-26T18:19:20.2964536Z;3;2017-06-26T18:19:04.6900000Z;Record
4156;hack4tkSimData;24.835517895331382;68.41145039927747;2017-06-26T18:19:20.2964536Z;3;2017-06-26T18:19:05.7520000Z;Record
4157;hack4tkSimData;26.148027456900117;76.503072044115086;2017-06-26T18:19:20.2964536Z;3;2017-06-26T18:19:06.7990000Z;Record
4158;hack4tkSimData;20.247492992900074;73.741869849032668;2017-06-26T18:19:20.2964536Z;3;2017-06-26T18:19:07.8460000Z;Record
4159;hack4tkSimData;23.519955826234053;79.848011359501641;2017-06-26T18:19:20.2964536Z;3;2017-06-26T18:19:08.8930000Z;Record
4160;hack4tkSimData;27.069405111050887;65.833032851029671;2017-06-26T18:19:20.2964536Z;3;2017-06-26T18:19:09.9410000Z;Record
4161;hack4tkSimData;20.357108344490225;61.9643187066374;2017-06-26T18:19:20.2964536Z;3;2017-06-26T18:19:10.9880000Z;Record
4162;hack4tkSimData;24.924288648145406;67.371624134188338;2017-06-26T18:19:20.2964536Z;3;2017-06-26T18:19:12.0360000Z;Record
4163;hack4tkSimData;20.517426862156682;75.675504298729592;2017-06-26T18:19:20.2964536Z;3;2017-06-26T18:19:13.0830000Z;Record
4164;hack4tkSimData;28.055633005246349;77.466004545551726;2017-06-26T18:19:20.2964536Z;3;2017-06-26T18:19:14.1300000Z;Record
4165;hack4tkSimData;33.859454157696781;65.669258574801148;2017-06-26T18:19:20.2964536Z;3;2017-06-26T18:19:15.1770000Z;Record
4166;hack4tkSimData;24.721618050114074;75.437542719504577;2017-06-26T18:19:20.2964536Z;3;2017-06-26T18:19:16.2240000Z;Record
4167;hack4tkSimData;23.853807993630788;71.6448247393802;2017-06-26T18:19:20.2964536Z;3;2017-06-26T18:19:17.3020000Z;Record
4168;hack4tkSimData;33.5836257709114;67.496481233973284;2017-06-26T18:19:20.2964536Z;3;2017-06-26T18:19:18.3490000Z;Record
4169;hack4tkSimData;33.822816300123378;64.641437616497953;2017-06-26T18:19:20.2964536Z;3;2017-06-26T18:19:19.3960000Z;Record
4170;hack4tkSimData;34.750848382129732;70.648658084985172;2017-06-26T18:19:20.2964536Z;3;2017-06-26T18:19:20.4430000Z;Record
4171;hack4tkSimData;21.067625247439196;69.694733242362148;2017-06-26T18:19:20.3120808Z;3;2017-06-26T18:19:21.4900000Z;Record
4172;hack4tkSimData;21.580750698494143;63.808803131714839;2017-06-26T18:19:23.4116328Z;3;2017-06-26T18:19:22.5370000Z;Record
4173;hack4tkSimData;24.325534896611018;73.507478103743622;2017-06-26T18:19:23.4116328Z;3;2017-06-26T18:19:23.5990000Z;Record
4174;hack4tkSimData;20.299367949040313;74.02780278307749;2017-06-26T18:19:23.4116328Z;3;2017-06-26T18:19:24.6460000Z;Record
4175;hack4tkSimData;30.997336712198955;70.890388382082051;2017-06-26T18:19:23.9741418Z;3;2017-06-26T18:19:25.7090000Z;Record
4176;hack4tkSimData;31.279088324531489;71.9341501462898;2017-06-26T18:19:24.9585307Z;3;2017-06-26T18:19:26.7550000Z;Record
4177;hack4tkSimData;31.577192066040446;73.1186465514445;2017-06-26T18:19:26.0523031Z;3;2017-06-26T18:19:27.7870000Z;Record
4178;hack4tkSimData;28.963565402181615;72.663508659537655;2017-06-26T18:19:27.0366919Z;3;2017-06-26T18:19:28.8340000Z;Record
4179;hack4tkSimData;22.89238083776663;74.842948492077625;2017-06-26T18:19:28.1304658Z;3;2017-06-26T18:19:29.8960000Z;Record
4180;hack4tkSimData;22.19927737358924;76.939287146990779;2017-06-26T18:19:29.3492397Z;3;2017-06-26T18:19:30.9590000Z;Record
4181;hack4tkSimData;25.551379616629042;66.5510776110697;2017-06-26T18:19:30.2398608Z;3;2017-06-26T18:19:32.0050000Z;Record
4182;hack4tkSimData;31.087618610396802;78.588013648329309;2017-06-26T18:19:31.3336316Z;3;2017-06-26T18:19:33.0370000Z;Record
4183;hack4tkSimData;30.907420299904153;71.0098144742706;2017-06-26T18:19:32.3264743Z;3;2017-06-26T18:19:34.0990000Z;Record
4184;hack4tkSimData;22.454779805827318;76.5525452031533;2017-06-26T18:19:33.4201530Z;3;2017-06-26T18:19:35.1460000Z;Record
4185;hack4tkSimData;33.793678262174907;72.833509423226815;2017-06-26T18:19:34.4045294Z;3;2017-06-26T18:19:36.2090000Z;Record
4186;hack4tkSimData;31.483586086651115;60.051836818480787;2017-06-26T18:19:35.4983181Z;3;2017-06-26T18:19:37.2550000Z;Record
4187;hack4tkSimData;20.1351601374965;78.777215396416011;2017-06-26T18:19:36.5920678Z;3;2017-06-26T18:19:38.3800000Z;Record
4188;hack4tkSimData;23.307149390833057;70.781411216958148;2017-06-26T18:19:37.6858726Z;3;2017-06-26T18:19:39.4280000Z;Record
4189;hack4tkSimData;34.892488331483904;62.756915065812372;2017-06-26T18:19:38.6863132Z;3;2017-06-26T18:19:40.4590000Z;Record
4190;hack4tkSimData;21.203183204030239;67.182424379131959;2017-06-26T18:19:39.7800666Z;3;2017-06-26T18:19:41.5230000Z;Record
4191;hack4tkSimData;31.457260275006881;76.713041223917642;2017-06-26T18:19:40.7644796Z;3;2017-06-26T18:19:42.5540000Z;Record
4192;hack4tkSimData;22.10216669696484;67.588883828180329;2017-06-26T18:19:41.8617849Z;3;2017-06-26T18:19:43.6170000Z;Record
4193;hack4tkSimData;27.972855606569375;74.361340587195627;2017-06-26T18:19:42.9555640Z;3;2017-06-26T18:19:44.6640000Z;Record
4194;hack4tkSimData;20.00096497358799;72.0197641067299;2017-06-26T18:19:44.0493467Z;3;2017-06-26T18:19:45.8200000Z;Record
4195;hack4tkSimData;34.770053152353526;65.447992368344217;2017-06-26T18:19:45.1431360Z;3;2017-06-26T18:19:46.8670000Z;Record
4196;hack4tkSimData;22.729980087713329;63.58747324142022;2017-06-26T18:19:46.1275264Z;3;2017-06-26T18:19:47.9140000Z;Record
4197;hack4tkSimData;21.281800838784221;62.728510695848854;2017-06-26T18:19:47.2225503Z;3;2017-06-26T18:19:48.9610000Z;Record
4198;hack4tkSimData;22.435113947109837;74.872422718849236;2017-06-26T18:19:48.2069671Z;3;2017-06-26T18:19:50.0070000Z;Record
4199;hack4tkSimData;31.183431321374805;63.519653949662882;2017-06-26T18:19:49.3163353Z;3;2017-06-26T18:19:51.0700000Z;Record
4200;hack4tkSimData;26.949182048881976;74.757565387877435;2017-06-26T18:19:50.3007288Z;3;2017-06-26T18:19:52.1010000Z;Record
4201;hack4tkSimData;27.6758287719804;63.846612062233788;2017-06-26T18:19:51.3971067Z;3;2017-06-26T18:19:53.1500000Z;Record
4202;hack4tkSimData;31.727173825133207;61.829606193038451;2017-06-26T18:19:52.3814665Z;3;2017-06-26T18:19:54.1980000Z;Record
4203;hack4tkSimData;31.684205199910423;74.986947614227859;2017-06-26T18:19:53.4758843Z;3;2017-06-26T18:19:55.2290000Z;Record
4204;hack4tkSimData;28.815452472220851;76.659040691637927;2017-06-26T18:19:54.5696752Z;3;2017-06-26T18:19:56.2850000Z;Record
4205;hack4tkSimData;26.531835522750317;61.170009319284006;2017-06-26T18:19:55.5540786Z;3;2017-06-26T18:19:57.3470000Z;Record
4206;hack4tkSimData;29.605143163169338;61.099592717876469;2017-06-26T18:19:56.6634777Z;3;2017-06-26T18:19:58.3940000Z;Record
4207;hack4tkSimData;29.929028165027979;75.749945452320361;2017-06-26T18:19:57.6658637Z;3;2017-06-26T18:19:59.4410000Z;Record
4208;hack4tkSimData;21.24720508523621;70.688798264921076;2017-06-26T18:19:58.7596566Z;3;2017-06-26T18:20:00.4750000Z;Record
4209;hack4tkSimData;22.811141511337432;67.194607652348751;2017-06-26T18:19:59.7440469Z;3;2017-06-26T18:20:01.5270000Z;Record
4210;hack4tkSimData;25.968154629677606;60.181886479343234;2017-06-26T18:20:00.8435149Z;3;2017-06-26T18:20:02.5580000Z;Record
4211;hack4tkSimData;28.256395882114951;71.2532756343732;2017-06-26T18:20:01.8278911Z;3;2017-06-26T18:20:03.6050000Z;Record
4212;hack4tkSimData;32.644355750011442;72.943578647889;2017-06-26T18:20:02.9264253Z;3;2017-06-26T18:20:04.6680000Z;Record
4213;hack4tkSimData;26.895151979706785;71.7239748741146;2017-06-26T18:20:03.9129391Z;3;2017-06-26T18:20:05.7150000Z;Record
4214;hack4tkSimData;33.757076775076371;77.451702820813139;2017-06-26T18:20:05.0120837Z;3;2017-06-26T18:20:06.7770000Z;Record
4215;hack4tkSimData;31.647797600202168;69.537109802261512;2017-06-26T18:20:05.9964611Z;3;2017-06-26T18:20:07.8080000Z;Record
4216;hack4tkSimData;31.902627091343806;76.336997158982328;2017-06-26T18:20:07.0902314Z;3;2017-06-26T18:20:08.8550000Z;Record
4217;hack4tkSimData;30.1185042504773;66.846678884162884;2017-06-26T18:20:08.0780667Z;3;2017-06-26T18:20:09.9020000Z;Record
4218;hack4tkSimData;32.710989512368563;71.429734971108729;2017-06-26T18:20:09.1718423Z;3;2017-06-26T18:20:10.9490000Z;Record
4219;hack4tkSimData;20.807607092805025;60.973282736248;2017-06-26T18:20:10.2812336Z;3;2017-06-26T18:20:11.9960000Z;Record
4220;hack4tkSimData;29.00745767122482;75.643526527864637;2017-06-26T18:20:11.2656279Z;3;2017-06-26T18:20:13.0600000Z;Record
4221;hack4tkSimData;21.955552968175873;63.342245939812734;2017-06-26T18:20:12.3612690Z;3;2017-06-26T18:20:14.1070000Z;Record
4222;hack4tkSimData;22.4829875572971;78.523394883854024;2017-06-26T18:20:13.3379219Z;3;2017-06-26T18:20:15.1540000Z;Record
4223;hack4tkSimData;29.480851113088825;62.540380732407968;2017-06-26T18:20:14.4295925Z;3;2017-06-26T18:20:16.2010000Z;Record
4224;hack4tkSimData;27.761576766037184;65.959122332725258;2017-06-26T18:20:15.5283363Z;3;2017-06-26T18:20:17.2480000Z;Record
4225;hack4tkSimData;20.79917793665043;72.558020331225364;2017-06-26T18:20:16.5168383Z;3;2017-06-26T18:20:18.3260000Z;Record
4226;hack4tkSimData;28.343175527799488;67.716634109484332;2017-06-26T18:20:17.6106178Z;3;2017-06-26T18:20:19.3740000Z;Record
4227;hack4tkSimData;31.671585832569555;69.08368958583273;2017-06-26T18:20:18.5950157Z;3;2017-06-26T18:20:20.4060000Z;Record
4228;hack4tkSimData;22.811778158793121;78.981162728267336;2017-06-26T18:20:19.6887728Z;3;2017-06-26T18:20:21.4580000Z;Record
4229;hack4tkSimData;25.240603296663892;62.692653118955278;2017-06-26T18:20:20.6731702Z;3;2017-06-26T18:20:22.5050000Z;Record
4230;hack4tkSimData;29.477052665072051;63.854965392432625;2017-06-26T18:20:21.7669406Z;3;2017-06-26T18:20:23.5360000Z;Record
4231;hack4tkSimData;32.483133935594523;74.302233808814663;2017-06-26T18:20:22.7982324Z;3;2017-06-26T18:20:24.6140000Z;Record
4232;hack4tkSimData;20.84648291852627;79.17200422807224;2017-06-26T18:20:23.9110264Z;3;2017-06-26T18:20:25.6770000Z;Record
4233;hack4tkSimData;23.974879898119198;76.469860391910117;2017-06-26T18:20:24.9000786Z;3;2017-06-26T18:20:26.7240000Z;Record
4234;hack4tkSimData;25.706190287930049;66.392025335874422;2017-06-26T18:20:25.9946423Z;3;2017-06-26T18:20:27.7570000Z;Record
4235;hack4tkSimData;34.101469576871708;70.23320514253956;2017-06-26T18:20:27.0884708Z;3;2017-06-26T18:20:28.8040000Z;Record
4236;hack4tkSimData;27.208991605885789;62.774905945535238;2017-06-26T18:20:28.0791760Z;3;2017-06-26T18:20:29.8510000Z;Record
4237;hack4tkSimData;31.388498068036746;72.314012978372176;2017-06-26T18:20:29.1729543Z;3;2017-06-26T18:20:30.8980000Z;Record
4238;hack4tkSimData;33.180861891331553;67.6662819030072;2017-06-26T18:20:30.1608007Z;3;2017-06-26T18:20:31.9290000Z;Record
4239;hack4tkSimData;25.9569691684828;78.335746116161232;2017-06-26T18:20:31.2602447Z;3;2017-06-26T18:20:32.9760000Z;Record
4240;hack4tkSimData;20.226832872827924;66.653155240534417;2017-06-26T18:20:32.2446447Z;3;2017-06-26T18:20:34.0380000Z;Record
4241;hack4tkSimData;21.031404389548769;72.383646700709889;2017-06-26T18:20:33.3384076Z;3;2017-06-26T18:20:35.0700000Z;Record
4242;hack4tkSimData;32.289599178959428;62.972376469044193;2017-06-26T18:20:34.3228069Z;3;2017-06-26T18:20:36.1170000Z;Record
4243;hack4tkSimData;33.809656823896646;68.153535345640748;2017-06-26T18:20:35.4165747Z;3;2017-06-26T18:20:37.1640000Z;Record
4244;hack4tkSimData;20.581162036667187;64.407649414803672;2017-06-26T18:20:36.4013458Z;3;2017-06-26T18:20:38.2110000Z;Record
4245;hack4tkSimData;22.323231004329038;77.966823288224091;2017-06-26T18:20:37.4984639Z;3;2017-06-26T18:20:39.2730000Z;Record
4246;hack4tkSimData;23.331697931667648;78.384156338118089;2017-06-26T18:20:38.5922361Z;3;2017-06-26T18:20:40.3070000Z;Record
4247;hack4tkSimData;26.252909387113949;68.154978169200461;2017-06-26T18:20:39.5766520Z;3;2017-06-26T18:20:41.3540000Z;Record
4248;hack4tkSimData;34.249510960303951;68.305170148753177;2017-06-26T18:20:40.6703975Z;3;2017-06-26T18:20:42.4010000Z;Record
4249;hack4tkSimData;21.660201536333282;64.13864584832389;2017-06-26T18:20:41.6548509Z;3;2017-06-26T18:20:43.4480000Z;Record
4250;hack4tkSimData;29.917666264771327;76.17127442554164;2017-06-26T18:20:42.7509975Z;3;2017-06-26T18:20:44.5110000Z;Record
4251;hack4tkSimData;31.19909526137593;63.956743685508492;2017-06-26T18:20:43.8447718Z;3;2017-06-26T18:20:45.5580000Z;Record
4252;hack4tkSimData;25.367872172672243;70.832365439661018;2017-06-26T18:20:44.8220208Z;3;2017-06-26T18:20:46.6090000Z;Record
4253;hack4tkSimData;22.209523642533238;68.349328091530751;2017-06-26T18:20:45.9193815Z;3;2017-06-26T18:20:47.6560000Z;Record
4254;hack4tkSimData;29.398977514076503;63.248101465053907;2017-06-26T18:20:47.1225309Z;3;2017-06-26T18:20:48.9210000Z;Record
4255;hack4tkSimData;28.631905298042998;76.0827556420503;2017-06-26T18:20:48.2163000Z;3;2017-06-26T18:20:49.9680000Z;Record
4256;hack4tkSimData;28.278902877717698;68.6517249460573;2017-06-26T18:20:49.2007196Z;3;2017-06-26T18:20:51.0150000Z;Record
4257;hack4tkSimData;21.792656966388531;65.982914979561656;2017-06-26T18:20:50.2944668Z;3;2017-06-26T18:20:52.0620000Z;Record
4258;hack4tkSimData;21.8598196547757;64.260531880082809;2017-06-26T18:20:51.3882507Z;3;2017-06-26T18:20:53.1100000Z;Record
4259;hack4tkSimData;33.437076177651562;78.156267422324163;2017-06-26T18:20:52.3726239Z;3;2017-06-26T18:20:54.1570000Z;Record
4260;hack4tkSimData;20.569346347157538;77.146304518518178;2017-06-26T18:20:53.4664178Z;3;2017-06-26T18:20:55.2040000Z;Record
4261;hack4tkSimData;31.771233257265404;63.200604302436396;2017-06-26T18:20:54.4507949Z;3;2017-06-26T18:20:56.2660000Z;Record
4262;hack4tkSimData;22.470787997576775;60.83513614760485;2017-06-26T18:20:55.5445768Z;3;2017-06-26T18:20:57.3130000Z;Record
4263;hack4tkSimData;24.343205925237019;71.227832469729634;2017-06-26T18:20:56.6383484Z;3;2017-06-26T18:20:58.3760000Z;Record
4264;hack4tkSimData;30.82827007203748;67.0296859215152;2017-06-26T18:20:57.6227360Z;3;2017-06-26T18:20:59.4070000Z;Record
4265;hack4tkSimData;29.985998773475178;69.269312373022231;2017-06-26T18:20:58.7165250Z;3;2017-06-26T18:21:00.4690000Z;Record
4266;hack4tkSimData;24.089509890922116;63.803979709653177;2017-06-26T18:20:59.7075821Z;3;2017-06-26T18:21:01.5160000Z;Record
4267;hack4tkSimData;23.834143322349593;64.131169404895587;2017-06-26T18:21:00.8013582Z;3;2017-06-26T18:21:02.5630000Z;Record
4268;hack4tkSimData;28.790771169024879;77.4184621672232;2017-06-26T18:21:01.8013864Z;3;2017-06-26T18:21:03.6100000Z;Record
4269;hack4tkSimData;23.919862852860177;65.553766798951557;2017-06-26T18:21:02.8997032Z;3;2017-06-26T18:21:04.6570000Z;Record
4270;hack4tkSimData;20.019758709249906;70.063547673664772;2017-06-26T18:21:03.9934711Z;3;2017-06-26T18:21:05.7210000Z;Record
4271;hack4tkSimData;31.716173995154058;77.526781250502353;2017-06-26T18:21:04.9778753Z;3;2017-06-26T18:21:06.7830000Z;Record
4272;hack4tkSimData;29.673831763059752;67.014885697055092;2017-06-26T18:21:06.0799945Z;3;2017-06-26T18:21:07.8230000Z;Record
4273;hack4tkSimData;25.196214588450367;75.7905389628329;2017-06-26T18:21:07.0658144Z;3;2017-06-26T18:21:08.8690000Z;Record
4274;hack4tkSimData;31.995460287200036;62.354297536590273;2017-06-26T18:21:08.1751965Z;3;2017-06-26T18:21:09.9210000Z;Record
4275;hack4tkSimData;24.256413972124651;74.738816066989131;2017-06-26T18:21:09.1539578Z;3;2017-06-26T18:21:10.9520000Z;Record
4276;hack4tkSimData;27.791801433913317;64.057334626120209;2017-06-26T18:21:10.2637701Z;3;2017-06-26T18:21:12.0000000Z;Record
4277;hack4tkSimData;22.53463803908538;76.077250501176934;2017-06-26T18:21:11.2531636Z;3;2017-06-26T18:21:13.0620000Z;Record
4278;hack4tkSimData;20.357222561890829;71.731522712731518;2017-06-26T18:21:12.3468595Z;3;2017-06-26T18:21:14.1080000Z;Record
4279;hack4tkSimData;20.496769766554596;66.322026749291467;2017-06-26T18:21:15.5253189Z;3;2017-06-26T18:21:17.2650000Z;Record
4280;hack4tkSimData;23.781068154508745;71.718199053648021;2017-06-26T18:21:16.6206226Z;3;2017-06-26T18:21:18.4060000Z;Record
4281;hack4tkSimData;30.43372599661058;65.502284097253479;2017-06-26T18:21:17.7166369Z;3;2017-06-26T18:21:19.4570000Z;Record
4282;hack4tkSimData;27.450077325315249;62.239894691035104;2017-06-26T18:21:18.8103882Z;3;2017-06-26T18:21:20.5190000Z;Record
4283;hack4tkSimData;27.972556840615606;67.234557460637092;2017-06-26T18:21:19.9041631Z;3;2017-06-26T18:21:21.6440000Z;Record
4284;hack4tkSimData;22.654650387193378;78.259039883622449;2017-06-26T18:21:20.8948367Z;3;2017-06-26T18:21:22.6760000Z;Record
4285;hack4tkSimData;30.696415065646363;65.061297372477739;2017-06-26T18:21:21.9800860Z;3;2017-06-26T18:21:23.7230000Z;Record
4286;hack4tkSimData;34.275536057201933;72.362334771250531;2017-06-26T18:21:23.1832086Z;3;2017-06-26T18:21:24.8790000Z;Record
4287;hack4tkSimData;33.597441857493223;70.695580789211945;2017-06-26T18:21:24.1676247Z;3;2017-06-26T18:21:25.9570000Z;Record
4288;hack4tkSimData;21.143554393734576;78.168196425851534;2017-06-26T18:21:25.2671836Z;3;2017-06-26T18:21:27.0190000Z;Record
4289;hack4tkSimData;27.726621463767543;76.279498299713936;2017-06-26T18:21:26.3657999Z;3;2017-06-26T18:21:28.0980000Z;Record
4290;hack4tkSimData;30.430137522253272;70.000402270816451;2017-06-26T18:21:27.3501744Z;3;2017-06-26T18:21:29.1600000Z;Record
4291;hack4tkSimData;31.425414065097186;72.083395892793035;2017-06-26T18:21:28.4439269Z;3;2017-06-26T18:21:30.2070000Z;Record
4292;hack4tkSimData;21.015850469011745;78.57584896431112;2017-06-26T18:21:29.5377210Z;3;2017-06-26T18:21:31.2700000Z;Record
4293;hack4tkSimData;34.160182845853356;61.395345228442615;2017-06-26T18:21:30.5221101Z;3;2017-06-26T18:21:32.3320000Z;Record
4294;hack4tkSimData;20.3183467431545;69.0349405952892;2017-06-26T18:21:31.6158802Z;3;2017-06-26T18:21:33.3790000Z;Record
4295;hack4tkSimData;22.741154491780861;79.989505512634992;2017-06-26T18:21:32.7096559Z;3;2017-06-26T18:21:34.4410000Z;Record
4296;hack4tkSimData;32.567076858862805;78.9044570545221;2017-06-26T18:21:33.6940477Z;3;2017-06-26T18:21:35.4880000Z;Record
4297;hack4tkSimData;20.384256944704919;68.308145892018516;2017-06-26T18:21:34.7972479Z;3;2017-06-26T18:21:36.5510000Z;Record
4298;hack4tkSimData;32.113934758638;70.119281229618608;2017-06-26T18:21:35.7828400Z;3;2017-06-26T18:21:37.5980000Z;Record
4299;hack4tkSimData;25.695008612561509;70.658547659711232;2017-06-26T18:21:36.8772457Z;3;2017-06-26T18:21:38.6760000Z;Record
4300;hack4tkSimData;32.288607432175709;79.693728657296731;2017-06-26T18:21:37.9710490Z;3;2017-06-26T18:21:39.7240000Z;Record
4301;hack4tkSimData;29.1882538349313;77.7349071659776;2017-06-26T18:21:39.0648100Z;3;2017-06-26T18:21:40.7710000Z;Record
4302;hack4tkSimData;26.06930808679634;60.6139212570218;2017-06-26T18:21:40.0558548Z;3;2017-06-26T18:21:41.8330000Z;Record
4303;hack4tkSimData;31.778575993039915;78.026733807300559;2017-06-26T18:21:41.1496165Z;3;2017-06-26T18:21:42.8800000Z;Record
4304;hack4tkSimData;24.44555911209693;72.683936596235228;2017-06-26T18:21:42.1340312Z;3;2017-06-26T18:21:43.9580000Z;Record
4305;hack4tkSimData;30.914383482148118;62.308100323336248;2017-06-26T18:21:43.2207953Z;3;2017-06-26T18:21:45.0050000Z;Record
4306;hack4tkSimData;21.072020570781092;64.382861389025521;2017-06-26T18:21:44.3177844Z;3;2017-06-26T18:21:46.0690000Z;Record
4307;hack4tkSimData;29.311382539715332;75.0410219351952;2017-06-26T18:21:45.4051135Z;3;2017-06-26T18:21:47.1160000Z;Record
4308;hack4tkSimData;32.36323522513883;61.828238769354407;2017-06-26T18:21:46.3895079Z;3;2017-06-26T18:21:48.1640000Z;Record
4309;hack4tkSimData;23.110862603928364;71.357587469442564;2017-06-26T18:21:47.4902794Z;3;2017-06-26T18:21:49.2120000Z;Record
4310;hack4tkSimData;22.519738172422972;69.234730559044863;2017-06-26T18:21:48.4750943Z;3;2017-06-26T18:21:50.2740000Z;Record
4311;hack4tkSimData;25.107571352323319;74.504593254301966;2017-06-26T18:21:49.5671092Z;3;2017-06-26T18:21:51.3360000Z;Record
4312;hack4tkSimData;30.953125420935976;74.272381241560154;2017-06-26T18:21:50.6608822Z;3;2017-06-26T18:21:52.3830000Z;Record
4313;hack4tkSimData;26.228896170495496;60.129591021747139;2017-06-26T18:21:51.6452738Z;3;2017-06-26T18:21:53.4300000Z;Record
4314;hack4tkSimData;28.887494133732979;69.82177658463911;2017-06-26T18:21:52.7390765Z;3;2017-06-26T18:21:54.5080000Z;Record
4315;hack4tkSimData;30.907750833270953;71.4054579620275;2017-06-26T18:21:53.8351789Z;3;2017-06-26T18:21:55.5550000Z;Record
4316;hack4tkSimData;27.931138706827134;79.643614291978821;2017-06-26T18:21:54.8195916Z;3;2017-06-26T18:21:56.6020000Z;Record
4317;hack4tkSimData;34.92101629260975;74.2131213723743;2017-06-26T18:21:55.9155084Z;3;2017-06-26T18:21:57.6670000Z;Record
4318;hack4tkSimData;33.31204786818104;77.498978254151979;2017-06-26T18:21:56.9030271Z;3;2017-06-26T18:21:58.6980000Z;Record
4319;hack4tkSimData;22.993238832798433;60.740546034993855;2017-06-26T18:21:57.9984060Z;3;2017-06-26T18:21:59.7450000Z;Record
4320;hack4tkSimData;22.153310730193422;60.853509987170582;2017-06-26T18:21:58.9827805Z;3;2017-06-26T18:22:00.7920000Z;Record
4321;hack4tkSimData;31.600949809235033;67.740525727970777;2017-06-26T18:22:00.0799030Z;3;2017-06-26T18:22:01.8390000Z;Record
4322;hack4tkSimData;30.861821964318782;61.346772332371572;2017-06-26T18:22:01.0766355Z;3;2017-06-26T18:22:02.9010000Z;Record
4323;hack4tkSimData;33.920108563695152;72.373241089458219;2017-06-26T18:22:02.1703877Z;3;2017-06-26T18:22:03.9480000Z;Record
4324;hack4tkSimData;24.866960251176245;65.471320657744684;2017-06-26T18:22:03.2676093Z;3;2017-06-26T18:22:04.9950000Z;Record
4325;hack4tkSimData;28.86787419387506;74.323674242162923;2017-06-26T18:22:04.2520082Z;3;2017-06-26T18:22:06.0420000Z;Record
4326;hack4tkSimData;24.478598318285588;76.235757347306119;2017-06-26T18:22:05.3457645Z;3;2017-06-26T18:22:07.1360000Z;Record
4327;hack4tkSimData;25.474172572360455;67.150079350522759;2017-06-26T18:22:06.4395666Z;3;2017-06-26T18:22:08.1830000Z;Record
4328;hack4tkSimData;29.662725140649233;77.746411858939751;2017-06-26T18:22:07.4253431Z;3;2017-06-26T18:22:09.2310000Z;Record
4329;hack4tkSimData;22.348054953547219;73.820029540834966;2017-06-26T18:22:08.5191353Z;3;2017-06-26T18:22:10.2780000Z;Record
4330;hack4tkSimData;29.231544772270855;75.575176968972741;2017-06-26T18:22:09.5035417Z;3;2017-06-26T18:22:11.3250000Z;Record
4331;hack4tkSimData;24.632556221742441;76.105635564823473;2017-06-26T18:22:10.6980941Z;3;2017-06-26T18:22:12.4500000Z;Record
4332;hack4tkSimData;33.605201613905464;63.147053347503324;2017-06-26T18:22:11.7919172Z;3;2017-06-26T18:22:13.4820000Z;Record
4333;hack4tkSimData;28.799936535675052;61.785746469062637;2017-06-26T18:22:12.7791336Z;3;2017-06-26T18:22:14.5600000Z;Record
4334;hack4tkSimData;23.366129749159388;78.202055347246144;2017-06-26T18:22:13.8833740Z;3;2017-06-26T18:22:15.6070000Z;Record
4335;hack4tkSimData;32.968718583215363;78.985335379366461;2017-06-26T18:22:14.8658388Z;3;2017-06-26T18:22:16.6690000Z;Record
4336;hack4tkSimData;33.377940244217378;63.407270770243962;2017-06-26T18:22:15.9663593Z;3;2017-06-26T18:22:17.7160000Z;Record
4337;hack4tkSimData;26.364879871888498;62.50614090939338;2017-06-26T18:22:17.0609030Z;3;2017-06-26T18:22:18.8100000Z;Record
4338;hack4tkSimData;30.325098110048614;79.069569408460325;2017-06-26T18:22:18.1546782Z;3;2017-06-26T18:22:19.9040000Z;Record
4339;hack4tkSimData;20.0166229764077;73.257394895543058;2017-06-26T18:22:19.1464339Z;3;2017-06-26T18:22:20.9710000Z;Record
4340;hack4tkSimData;31.784177367474967;75.931953804535766;2017-06-26T18:22:20.2399869Z;3;2017-06-26T18:22:22.0170000Z;Record
4341;hack4tkSimData;30.230233015134107;66.378671520565945;2017-06-26T18:22:21.3433871Z;3;2017-06-26T18:22:23.1270000Z;Record
4342;hack4tkSimData;33.498458244604272;60.219993535531678;2017-06-26T18:22:22.4528105Z;3;2017-06-26T18:22:24.1890000Z;Record
4343;hack4tkSimData;24.075495153235035;74.339094261796731;2017-06-26T18:22:23.6629816Z;3;2017-06-26T18:22:25.4080000Z;Record
4344;hack4tkSimData;29.25853814662366;72.744609039623569;2017-06-26T18:22:25.3036387Z;3;2017-06-26T18:22:27.0640000Z;Record
4345;hack4tkSimData;20.997115888631491;60.002985298634968;2017-06-26T18:22:26.2913575Z;3;2017-06-26T18:22:28.1110000Z;Record
4346;hack4tkSimData;30.776178737066772;70.170955569562949;2017-06-26T18:22:27.3869407Z;3;2017-06-26T18:22:29.1580000Z;Record
4347;hack4tkSimData;26.32386475397454;67.295904004618478;2017-06-26T18:22:28.4807212Z;3;2017-06-26T18:22:30.2090000Z;Record
4348;hack4tkSimData;31.007576268635493;79.36229751415658;2017-06-26T18:22:29.4651005Z;3;2017-06-26T18:22:31.2560000Z;Record
4349;hack4tkSimData;27.200192682072611;71.335375938255055;2017-06-26T18:22:30.5588758Z;3;2017-06-26T18:22:32.3040000Z;Record
4350;hack4tkSimData;27.210142713603631;76.77439828253091;2017-06-26T18:22:31.5432633Z;3;2017-06-26T18:22:33.3510000Z;Record
4351;hack4tkSimData;25.91380106793428;68.28722498765552;2017-06-26T18:22:32.6557333Z;3;2017-06-26T18:22:34.4290000Z;Record
4352;hack4tkSimData;26.134771910093153;72.838496879133629;2017-06-26T18:22:33.7651074Z;3;2017-06-26T18:22:35.5070000Z;Record
4353;hack4tkSimData;32.364815437404815;62.564193654136822;2017-06-26T18:22:34.7495214Z;3;2017-06-26T18:22:36.5540000Z;Record
4354;hack4tkSimData;25.811938138591096;64.792755853753889;2017-06-26T18:22:35.8432938Z;3;2017-06-26T18:22:37.6470000Z;Record
4355;hack4tkSimData;30.037461402843455;73.814064112405319;2017-06-26T18:22:36.9438238Z;3;2017-06-26T18:22:38.7110000Z;Record
4356;hack4tkSimData;33.293185917797118;69.8733450425199;2017-06-26T18:22:38.0404395Z;3;2017-06-26T18:22:39.7730000Z;Record
4357;hack4tkSimData;33.580844788151254;76.376772558492036;2017-06-26T18:22:39.0269552Z;3;2017-06-26T18:22:40.8200000Z;Record
4358;hack4tkSimData;21.451149711595452;79.798070108423971;2017-06-26T18:22:40.1255699Z;3;2017-06-26T18:22:41.8700000Z;Record
4359;hack4tkSimData;33.580768429013325;77.920275283008948;2017-06-26T18:22:41.1117502Z;3;2017-06-26T18:22:42.9320000Z;Record
4360;hack4tkSimData;33.284794857392455;77.39415445243668;2017-06-26T18:22:42.2055400Z;3;2017-06-26T18:22:44.0100000Z;Record
4361;hack4tkSimData;27.080771705173316;71.74356395925561;2017-06-26T18:22:43.2992921Z;3;2017-06-26T18:22:45.0430000Z;Record
4362;hack4tkSimData;32.654425621803114;77.288639478985516;2017-06-26T18:22:44.3888757Z;3;2017-06-26T18:22:46.1120000Z;Record
4363;hack4tkSimData;23.46282279745807;67.66629808939355;2017-06-26T18:22:45.3888935Z;3;2017-06-26T18:22:47.1580000Z;Record
4364;hack4tkSimData;31.231588323708433;61.190602491232845;2017-06-26T18:22:46.4920003Z;3;2017-06-26T18:22:48.2370000Z;Record
4365;hack4tkSimData;25.872029413409546;74.404499965908244;2017-06-26T18:22:47.5895016Z;3;2017-06-26T18:22:49.3300000Z;Record
4366;hack4tkSimData;27.101984374272632;68.686788030288554;2017-06-26T18:22:48.5742516Z;3;2017-06-26T18:22:50.3790000Z;Record
4367;hack4tkSimData;22.732903458053666;78.937838207435718;2017-06-26T18:22:49.6680542Z;3;2017-06-26T18:22:51.4420000Z;Record
4368;hack4tkSimData;26.035164285467548;65.353085699189961;2017-06-26T18:22:50.6684603Z;3;2017-06-26T18:22:52.4880000Z;Record
4369;hack4tkSimData;33.649231730331309;65.1594474470054;2017-06-26T18:22:51.7622452Z;3;2017-06-26T18:22:53.5510000Z;Record
4370;hack4tkSimData;22.800179714243942;62.869799883509891;2017-06-26T18:22:52.8573899Z;3;2017-06-26T18:22:54.5830000Z;Record
4371;hack4tkSimData;24.942382557756446;67.551961675077663;2017-06-26T18:22:53.8418032Z;3;2017-06-26T18:22:55.6450000Z;Record
4372;hack4tkSimData;34.520995376874225;67.515423739103326;2017-06-26T18:22:54.9356186Z;3;2017-06-26T18:22:56.7080000Z;Record
4373;hack4tkSimData;21.709053056179105;64.494893273569133;2017-06-26T18:22:56.0293440Z;3;2017-06-26T18:22:57.7550000Z;Record
4374;hack4tkSimData;29.047371889020958;72.055047113474018;2017-06-26T18:22:57.0149669Z;3;2017-06-26T18:22:58.8020000Z;Record
4375;hack4tkSimData;24.02077829186841;74.878698249756681;2017-06-26T18:22:58.1243677Z;3;2017-06-26T18:22:59.8330000Z;Record
4376;hack4tkSimData;20.940954706604106;71.67998162642121;2017-06-26T18:22:59.1160822Z;3;2017-06-26T18:23:00.8970000Z;Record
4377;hack4tkSimData;30.216737096298829;72.2193691657015;2017-06-26T18:23:00.2098520Z;3;2017-06-26T18:23:01.9810000Z;Record
4378;hack4tkSimData;25.500027006724864;76.14150413132343;2017-06-26T18:23:01.3121006Z;3;2017-06-26T18:23:03.0280000Z;Record
4379;hack4tkSimData;28.560993118938519;70.891056401138684;2017-06-26T18:23:02.2964964Z;3;2017-06-26T18:23:04.0740000Z;Record
4380;hack4tkSimData;26.166049861892148;68.820122493812875;2017-06-26T18:23:03.3924438Z;3;2017-06-26T18:23:05.1370000Z;Record
4381;hack4tkSimData;25.691556916894186;66.558648360221952;2017-06-26T18:23:04.3837439Z;3;2017-06-26T18:23:06.1840000Z;Record
4382;hack4tkSimData;32.72253747690587;78.9787819045497;2017-06-26T18:23:05.4790876Z;3;2017-06-26T18:23:07.2310000Z;Record
4383;hack4tkSimData;23.25856371003136;69.037459860107617;2017-06-26T18:23:06.5728413Z;3;2017-06-26T18:23:08.2930000Z;Record
4384;hack4tkSimData;24.672105323836256;79.16995484343262;2017-06-26T18:23:07.5572516Z;3;2017-06-26T18:23:09.3240000Z;Record
4385;hack4tkSimData;26.247415133401478;76.581780582937313;2017-06-26T18:23:08.6510216Z;3;2017-06-26T18:23:10.3870000Z;Record
4386;hack4tkSimData;21.19932085098667;72.948243791679033;2017-06-26T18:23:09.7462323Z;3;2017-06-26T18:23:11.5120000Z;Record
4387;hack4tkSimData;30.640026748012765;74.843259926346718;2017-06-26T18:23:10.8400032Z;3;2017-06-26T18:23:12.5590000Z;Record
4388;hack4tkSimData;28.103233281571061;61.889067265153429;2017-06-26T18:23:11.8243972Z;3;2017-06-26T18:23:13.6210000Z;Record
4389;hack4tkSimData;29.286677592567486;69.357143756634159;2017-06-26T18:23:12.9181496Z;3;2017-06-26T18:23:14.6680000Z;Record
4390;hack4tkSimData;31.257426553060036;60.1222037897083;2017-06-26T18:23:13.9025533Z;3;2017-06-26T18:23:15.7150000Z;Record
4391;hack4tkSimData;31.702351678024211;62.9204039848039;2017-06-26T18:23:15.0018552Z;3;2017-06-26T18:23:16.7620000Z;Record
4392;hack4tkSimData;31.872173576556229;72.950674301456047;2017-06-26T18:23:16.1038476Z;3;2017-06-26T18:23:17.8090000Z;Record
4393;hack4tkSimData;29.862420267827076;77.789330872608971;2017-06-26T18:23:17.1976416Z;3;2017-06-26T18:23:18.9030000Z;Record
4394;hack4tkSimData;31.298353926417583;71.42450211170339;2017-06-26T18:23:18.1820508Z;3;2017-06-26T18:23:19.9650000Z;Record
4395;hack4tkSimData;28.703351648851928;71.905381582633311;2017-06-26T18:23:19.2763844Z;3;2017-06-26T18:23:21.0280000Z;Record
4396;hack4tkSimData;30.453821155453948;67.307919239303061;2017-06-26T18:23:20.3701898Z;3;2017-06-26T18:23:22.0900000Z;Record
4397;hack4tkSimData;32.7035357233619;74.913450458512386;2017-06-26T18:23:21.3545816Z;3;2017-06-26T18:23:23.1220000Z;Record
4398;hack4tkSimData;31.460792995738235;60.031195050119976;2017-06-26T18:23:22.4639809Z;3;2017-06-26T18:23:24.1840000Z;Record
4399;hack4tkSimData;27.941433779402374;60.382545264615928;2017-06-26T18:23:23.5577311Z;3;2017-06-26T18:23:25.2660000Z;Record
4400;hack4tkSimData;22.378004094296138;73.2412775481312;2017-06-26T18:23:24.5421410Z;3;2017-06-26T18:23:26.3280000Z;Record
4401;hack4tkSimData;33.69906463134059;72.893207675261991;2017-06-26T18:23:25.6359480Z;3;2017-06-26T18:23:27.3750000Z;Record
4402;hack4tkSimData;22.793870201704031;68.7792571395539;2017-06-26T18:23:26.6207145Z;3;2017-06-26T18:23:28.4230000Z;Record
4403;hack4tkSimData;29.959702836330841;68.306362483793109;2017-06-26T18:23:27.7144884Z;3;2017-06-26T18:23:29.4850000Z;Record
4404;hack4tkSimData;33.119959471803142;78.77905620205172;2017-06-26T18:23:28.8082634Z;3;2017-06-26T18:23:30.5170000Z;Record
4405;hack4tkSimData;21.061293592705063;65.444302077146389;2017-06-26T18:23:29.7936473Z;3;2017-06-26T18:23:31.5950000Z;Record
4406;hack4tkSimData;22.819450505925087;62.057513735283869;2017-06-26T18:23:30.8885972Z;3;2017-06-26T18:23:32.6420000Z;Record
4407;hack4tkSimData;31.910865747793981;68.0991960261479;2017-06-26T18:23:31.9849530Z;3;2017-06-26T18:23:33.7040000Z;Record
4408;hack4tkSimData;29.912740192335441;64.668338571055017;2017-06-26T18:23:32.9693628Z;3;2017-06-26T18:23:34.7670000Z;Record
4409;hack4tkSimData;28.046812693610235;64.012709001085113;2017-06-26T18:23:34.0631370Z;3;2017-06-26T18:23:35.8140000Z;Record
4410;hack4tkSimData;24.371666160585203;66.555420740766181;2017-06-26T18:23:35.0475286Z;3;2017-06-26T18:23:36.8600000Z;Record
4411;hack4tkSimData;30.479740968663123;74.804971653411613;2017-06-26T18:23:36.1413084Z;3;2017-06-26T18:23:37.9070000Z;Record
4412;hack4tkSimData;25.674114483722541;76.424505261902;2017-06-26T18:23:37.2506939Z;3;2017-06-26T18:23:38.9540000Z;Record
4413;hack4tkSimData;21.982514281749033;74.291175228679165;2017-06-26T18:23:38.2357287Z;3;2017-06-26T18:23:40.0170000Z;Record
4414;hack4tkSimData;32.007647120397372;79.2732518721713;2017-06-26T18:23:39.3295344Z;3;2017-06-26T18:23:41.0790000Z;Record
4415;hack4tkSimData;34.6716519490218;70.773115991974777;2017-06-26T18:23:40.4233028Z;3;2017-06-26T18:23:42.1420000Z;Record
4416;hack4tkSimData;28.475366669462698;71.999691525474049;2017-06-26T18:23:41.4077227Z;3;2017-06-26T18:23:43.1890000Z;Record
4417;hack4tkSimData;24.639853723179481;61.768624522615518;2017-06-26T18:23:42.5014986Z;3;2017-06-26T18:23:44.2510000Z;Record
4418;hack4tkSimData;21.392588210940634;62.709927895436962;2017-06-26T18:23:43.5952573Z;3;2017-06-26T18:23:45.2980000Z;Record
4419;hack4tkSimData;34.396432786898885;67.050307629187728;2017-06-26T18:23:44.5796634Z;3;2017-06-26T18:23:46.3640000Z;Record
4420;hack4tkSimData;34.753302889761187;64.843531206643;2017-06-26T18:23:45.6752989Z;3;2017-06-26T18:23:47.3950000Z;Record
4421;hack4tkSimData;20.222038682653587;76.285415699838381;2017-06-26T18:23:46.6596908Z;3;2017-06-26T18:23:48.4570000Z;Record
4422;hack4tkSimData;27.50708299107248;66.16016678798951;2017-06-26T18:23:47.7534558Z;3;2017-06-26T18:23:49.5200000Z;Record
4423;hack4tkSimData;26.109585681049893;71.880914471988063;2017-06-26T18:23:48.8472569Z;3;2017-06-26T18:23:50.5670000Z;Record
4424;hack4tkSimData;28.570073681683311;68.83885160500131;2017-06-26T18:23:49.8316419Z;3;2017-06-26T18:23:51.6160000Z;Record
4425;hack4tkSimData;21.272347651548845;70.612718756595967;2017-06-26T18:23:50.9254020Z;3;2017-06-26T18:23:52.6630000Z;Record
4426;hack4tkSimData;26.97658359397975;66.575869371451375;2017-06-26T18:23:51.9097962Z;3;2017-06-26T18:23:53.7250000Z;Record
4427;hack4tkSimData;30.915242787876743;76.615251384962;2017-06-26T18:23:53.0035588Z;3;2017-06-26T18:23:54.7950000Z;Record
4428;hack4tkSimData;34.451217192435273;63.4604478550425;2017-06-26T18:23:54.1004988Z;3;2017-06-26T18:23:55.8870000Z;Record
4429;hack4tkSimData;23.995791272723949;67.30065500703671;2017-06-26T18:23:55.1942539Z;3;2017-06-26T18:23:56.9500000Z;Record
4430;hack4tkSimData;24.601928572916393;78.988428553095289;2017-06-26T18:23:56.1786289Z;3;2017-06-26T18:23:57.9960000Z;Record
4431;hack4tkSimData;29.222124742447456;78.220027423566222;2017-06-26T18:23:57.2724165Z;3;2017-06-26T18:23:59.0430000Z;Record
4432;hack4tkSimData;34.41264020251699;70.641942131631978;2017-06-26T18:23:58.3661984Z;3;2017-06-26T18:24:00.0900000Z;Record
4433;hack4tkSimData;30.607859888397094;71.7595758157594;2017-06-26T18:23:59.4756041Z;3;2017-06-26T18:24:01.2150000Z;Record
4434;hack4tkSimData;31.903281578283423;74.112529807776454;2017-06-26T18:24:00.4599777Z;3;2017-06-26T18:24:02.2620000Z;Record
4435;hack4tkSimData;24.68180880867029;70.507059027676959;2017-06-26T18:24:01.5580331Z;3;2017-06-26T18:24:03.3100000Z;Record
4436;hack4tkSimData;24.104821141392375;63.678775962292576;2017-06-26T18:24:02.6518271Z;3;2017-06-26T18:24:04.3570000Z;Record
4437;hack4tkSimData;23.256228861052648;60.985357007470611;2017-06-26T18:24:03.6361955Z;3;2017-06-26T18:24:05.4190000Z;Record
4438;hack4tkSimData;24.694526872921049;77.6875722583791;2017-06-26T18:24:05.1674951Z;3;2017-06-26T18:24:06.8890000Z;Record
4439;hack4tkSimData;23.596645748986234;61.4053191903072;2017-06-26T18:24:06.1518667Z;3;2017-06-26T18:24:07.9360000Z;Record
4440;hack4tkSimData;26.20879326537661;70.762437903677323;2017-06-26T18:24:07.2471752Z;3;2017-06-26T18:24:08.9980000Z;Record
4441;hack4tkSimData;22.148307739826063;67.171344555528535;2017-06-26T18:24:08.3409515Z;3;2017-06-26T18:24:10.0610000Z;Record
4442;hack4tkSimData;33.182591252579627;68.949483842099781;2017-06-26T18:24:09.4347412Z;3;2017-06-26T18:24:11.1700000Z;Record
4443;hack4tkSimData;21.103253400001329;64.72461952116555;2017-06-26T18:24:10.5284910Z;3;2017-06-26T18:24:12.2950000Z;Record
4444;hack4tkSimData;33.084525856228794;69.571220245943977;2017-06-26T18:24:12.3954108Z;3;2017-06-26T18:24:14.1860000Z;Record
4445;hack4tkSimData;21.875251199526364;78.396336426211676;2017-06-26T18:24:13.4891925Z;3;2017-06-26T18:24:15.2480000Z;Record
4446;hack4tkSimData;33.036654648853769;71.894588708828479;2017-06-26T18:24:14.8016860Z;3;2017-06-26T18:24:16.5970000Z;Record
4447;hack4tkSimData;20.685802148974407;60.6826419665863;2017-06-26T18:24:16.1208718Z;3;2017-06-26T18:24:17.8780000Z;Record
4448;hack4tkSimData;29.410523662534786;62.076024153305227;2017-06-26T18:24:17.8708951Z;3;2017-06-26T18:24:19.6120000Z;Record
4449;hack4tkSimData;32.801421572361804;79.367501856464656;2017-06-26T18:24:20.0707652Z;3;2017-06-26T18:24:21.7900000Z;Record
4450;hack4tkSimData;29.012265202595046;76.386538425640452;2017-06-26T18:24:22.1729958Z;3;2017-06-26T18:24:23.9750000Z;Record
4451;hack4tkSimData;32.007404275707621;77.314235101134628;2017-06-26T18:24:23.3761614Z;3;2017-06-26T18:24:25.1790000Z;Record
4452;hack4tkSimData;21.947329895080685;71.189404507721491;2017-06-26T18:24:24.5793092Z;3;2017-06-26T18:24:26.3190000Z;Record
4453;hack4tkSimData;23.854717926054597;65.6233354963471;2017-06-26T18:24:25.5637128Z;3;2017-06-26T18:24:27.3660000Z;Record
4454;hack4tkSimData;21.675673167535884;73.568300043031712;2017-06-26T18:24:26.6633748Z;3;2017-06-26T18:24:28.4130000Z;Record
4455;hack4tkSimData;27.766911665800453;61.580717331534586;2017-06-26T18:24:27.7543653Z;3;2017-06-26T18:24:29.4750000Z;Record
4456;hack4tkSimData;33.998690142295644;63.922402506658067;2017-06-26T18:24:28.7387831Z;3;2017-06-26T18:24:30.5220000Z;Record
4457;hack4tkSimData;34.266697989900919;75.373466860211209;2017-06-26T18:24:29.8469868Z;3;2017-06-26T18:24:31.5850000Z;Record
4458;hack4tkSimData;32.093013674995404;65.124821767734744;2017-06-26T18:24:30.8355752Z;3;2017-06-26T18:24:32.6320000Z;Record
4459;hack4tkSimData;20.482429315095036;70.2673697612562;2017-06-26T18:24:31.9449826Z;3;2017-06-26T18:24:33.7100000Z;Record
4460;hack4tkSimData;26.878203198722659;69.4191936633639;2017-06-26T18:24:33.0387465Z;3;2017-06-26T18:24:34.8040000Z;Record
4461;hack4tkSimData;30.73515600559076;66.29982185843393;2017-06-26T18:24:34.2448982Z;3;2017-06-26T18:24:35.9620000Z;Record
4462;hack4tkSimData;28.709146156305984;67.84607531868204;2017-06-26T18:24:35.2293373Z;3;2017-06-26T18:24:37.0250000Z;Record
4463;hack4tkSimData;29.843639621903954;73.578506146361349;2017-06-26T18:24:36.3231302Z;3;2017-06-26T18:24:38.0720000Z;Record
4464;hack4tkSimData;22.073279822745025;63.658996514817233;2017-06-26T18:24:37.3231025Z;3;2017-06-26T18:24:39.1240000Z;Record
4465;hack4tkSimData;26.328494093068173;64.1833450105895;2017-06-26T18:24:38.4182912Z;3;2017-06-26T18:24:40.1860000Z;Record
4466;hack4tkSimData;20.464257621422529;65.428025808850322;2017-06-26T18:24:39.5177454Z;3;2017-06-26T18:24:41.2330000Z;Record
4467;hack4tkSimData;27.041724190135358;71.891852594861689;2017-06-26T18:24:40.5027776Z;3;2017-06-26T18:24:42.2960000Z;Record
4468;hack4tkSimData;31.064424152050364;65.550175218633456;2017-06-26T18:24:41.5964532Z;3;2017-06-26T18:24:43.3430000Z;Record
4469;hack4tkSimData;23.431178521565709;66.387383829051345;2017-06-26T18:24:42.6902179Z;3;2017-06-26T18:24:44.4060000Z;Record
4470;hack4tkSimData;22.857394955520235;75.847669036988009;2017-06-26T18:24:43.6746112Z;3;2017-06-26T18:24:45.4520000Z;Record
4471;hack4tkSimData;21.867791473338283;63.877734431940006;2017-06-26T18:24:44.7684113Z;3;2017-06-26T18:24:46.5310000Z;Record
4472;hack4tkSimData;34.411503518657526;60.919617601167232;2017-06-26T18:24:45.8621715Z;3;2017-06-26T18:24:47.5770000Z;Record
4473;hack4tkSimData;34.79856217736311;73.459803691813633;2017-06-26T18:24:46.8465763Z;3;2017-06-26T18:24:48.6250000Z;Record
4474;hack4tkSimData;29.654243541720437;65.540936005088;2017-06-26T18:24:47.9403465Z;3;2017-06-26T18:24:49.6740000Z;Record
4475;hack4tkSimData;23.418967799944323;67.42254311564497;2017-06-26T18:24:49.0363707Z;3;2017-06-26T18:24:50.7380000Z;Record
4476;hack4tkSimData;21.074588799883884;66.8011923352262;2017-06-26T18:24:50.0253946Z;3;2017-06-26T18:24:51.8010000Z;Record
4477;hack4tkSimData;27.647423193625837;62.597159940096162;2017-06-26T18:24:51.2210570Z;3;2017-06-26T18:24:52.9260000Z;Record
4478;hack4tkSimData;21.55474781363958;69.710050509176241;2017-06-26T18:24:52.2054734Z;3;2017-06-26T18:24:54.0040000Z;Record
4479;hack4tkSimData;24.276530169544987;74.75036454142554;2017-06-26T18:24:53.2992264Z;3;2017-06-26T18:24:55.0660000Z;Record
4480;hack4tkSimData;33.548413758887172;71.561117755044776;2017-06-26T18:24:54.3929954Z;3;2017-06-26T18:24:56.1290000Z;Record
4481;hack4tkSimData;22.144221799515289;78.575234375230607;2017-06-26T18:24:55.3774124Z;3;2017-06-26T18:24:57.1910000Z;Record
4482;hack4tkSimData;23.847730939205611;66.17253721047777;2017-06-26T18:24:56.4711946Z;3;2017-06-26T18:24:58.2540000Z;Record
4483;hack4tkSimData;20.72128037722841;73.2368943808772;2017-06-26T18:24:57.5649498Z;3;2017-06-26T18:24:59.3170000Z;Record
4484;hack4tkSimData;30.90007768985819;67.130411391672865;2017-06-26T18:24:58.6587028Z;3;2017-06-26T18:25:00.4260000Z;Record
4485;hack4tkSimData;20.465675993108039;70.57384301469375;2017-06-26T18:24:59.7538886Z;3;2017-06-26T18:25:01.4780000Z;Record
4486;hack4tkSimData;20.412437804235349;74.255855257742041;2017-06-26T18:25:00.7396560Z;3;2017-06-26T18:25:02.5410000Z;Record
4487;hack4tkSimData;24.843132365421919;73.323268561308865;2017-06-26T18:25:01.8334459Z;3;2017-06-26T18:25:03.6500000Z;Record
4488;hack4tkSimData;25.196603774184641;70.435806908847667;2017-06-26T18:25:02.9271955Z;3;2017-06-26T18:25:04.6970000Z;Record
4489;hack4tkSimData;25.313362875167915;70.6925772739074;2017-06-26T18:25:04.0209964Z;3;2017-06-26T18:25:05.7750000Z;Record
4490;hack4tkSimData;26.08599431164842;79.665049137391634;2017-06-26T18:25:05.1154736Z;3;2017-06-26T18:25:06.8380000Z;Record
4491;hack4tkSimData;20.529636068050579;77.223437091905367;2017-06-26T18:25:06.0998915Z;3;2017-06-26T18:25:07.8690000Z;Record
4492;hack4tkSimData;34.325279586168605;61.015449008445927;2017-06-26T18:25:07.2027823Z;3;2017-06-26T18:25:08.9630000Z;Record
4493;hack4tkSimData;22.062919958058242;73.8178178266705;2017-06-26T18:25:08.2971911Z;3;2017-06-26T18:25:10.0880000Z;Record
4494;hack4tkSimData;31.4235961630119;66.791805646750987;2017-06-26T18:25:09.3926723Z;3;2017-06-26T18:25:11.1810000Z;Record
4495;hack4tkSimData;27.364141632506691;65.042515026890911;2017-06-26T18:25:10.4873515Z;3;2017-06-26T18:25:12.2590000Z;Record
4496;hack4tkSimData;34.886101244430108;69.8245401539954;2017-06-26T18:25:11.4805423Z;3;2017-06-26T18:25:13.2910000Z;Record
4497;hack4tkSimData;26.242124112901337;72.248742185648879;2017-06-26T18:25:12.5761549Z;3;2017-06-26T18:25:14.3690000Z;Record
4498;hack4tkSimData;29.741529978225721;63.9151542558871;2017-06-26T18:25:14.1080881Z;3;2017-06-26T18:25:15.8560000Z;Record
4499;hack4tkSimData;34.0605698847494;73.04280081439893;2017-06-26T18:25:15.2018596Z;3;2017-06-26T18:25:16.9500000Z;Record
4500;hack4tkSimData;34.968432823647014;66.494521855606934;2017-06-26T18:25:16.1885516Z;3;2017-06-26T18:25:17.9960000Z;Record
4501;hack4tkSimData;34.194775079002035;65.741913330621045;2017-06-26T18:25:17.2823430Z;3;2017-06-26T18:25:19.0430000Z;Record
4502;hack4tkSimData;23.690026010707964;73.984780718565347;2017-06-26T18:25:18.3760969Z;3;2017-06-26T18:25:20.1230000Z;Record
4503;hack4tkSimData;25.154469532498375;67.176929808769813;2017-06-26T18:25:19.4698704Z;3;2017-06-26T18:25:21.2010000Z;Record
4504;hack4tkSimData;20.257761885997727;76.873295696858918;2017-06-26T18:25:20.5636668Z;3;2017-06-26T18:25:22.2480000Z;Record
4505;hack4tkSimData;31.751266180887477;71.6371901760051;2017-06-26T18:25:21.6581593Z;3;2017-06-26T18:25:23.3920000Z;Record
4506;hack4tkSimData;21.969175006714266;75.009462952152575;2017-06-26T18:25:22.7541601Z;3;2017-06-26T18:25:24.4700000Z;Record
4507;hack4tkSimData;24.976779094420735;78.39950254112459;2017-06-26T18:25:23.7385387Z;3;2017-06-26T18:25:25.5180000Z;Record
4508;hack4tkSimData;28.141202248233;65.635525307448361;2017-06-26T18:25:24.8353526Z;3;2017-06-26T18:25:26.5800000Z;Record
4509;hack4tkSimData;34.606146195254354;64.114858910494888;2017-06-26T18:25:25.9307534Z;3;2017-06-26T18:25:27.6430000Z;Record
4510;hack4tkSimData;22.566482949800083;67.14388934296737;2017-06-26T18:25:26.9171278Z;3;2017-06-26T18:25:28.6900000Z;Record
4511;hack4tkSimData;33.504074622646009;67.741631273059937;2017-06-26T18:25:28.0109081Z;3;2017-06-26T18:25:29.7990000Z;Record
4512;hack4tkSimData;32.983666911247965;75.578386297253132;2017-06-26T18:25:29.1046870Z;3;2017-06-26T18:25:30.8620000Z;Record
4513;hack4tkSimData;28.044281016590205;70.725376918318389;2017-06-26T18:25:30.1992371Z;3;2017-06-26T18:25:31.9240000Z;Record
4514;hack4tkSimData;24.449767330405194;74.208767634913684;2017-06-26T18:25:31.1836355Z;3;2017-06-26T18:25:32.9710000Z;Record
4515;hack4tkSimData;20.250921442755928;63.013650776359093;2017-06-26T18:25:32.2773892Z;3;2017-06-26T18:25:34.0490000Z;Record
4516;hack4tkSimData;28.766285296886359;74.041683019158285;2017-06-26T18:25:33.3711657Z;3;2017-06-26T18:25:35.1280000Z;Record
4517;hack4tkSimData;28.051000131783542;61.620137226590948;2017-06-26T18:25:34.4577049Z;3;2017-06-26T18:25:36.1750000Z;Record
4518;hack4tkSimData;20.554011774041694;74.964268093446393;2017-06-26T18:25:35.4420970Z;3;2017-06-26T18:25:37.2370000Z;Record
4519;hack4tkSimData;29.227551808221058;65.115592062992789;2017-06-26T18:25:36.5358670Z;3;2017-06-26T18:25:38.3000000Z;Record
4520;hack4tkSimData;30.60711722383607;75.573630135307852;2017-06-26T18:25:37.6296449Z;3;2017-06-26T18:25:39.3680000Z;Record
4521;hack4tkSimData;30.105601484005156;78.3581658538236;2017-06-26T18:25:38.7234101Z;3;2017-06-26T18:25:40.4300000Z;Record
4522;hack4tkSimData;28.342588054175764;78.181665334003824;2017-06-26T18:25:39.7078079Z;3;2017-06-26T18:25:41.4940000Z;Record
4523;hack4tkSimData;21.81271126345392;64.8386720404209;2017-06-26T18:25:40.8015735Z;3;2017-06-26T18:25:42.5420000Z;Record
4524;hack4tkSimData;22.391626021075819;69.92332960941053;2017-06-26T18:25:41.8953486Z;3;2017-06-26T18:25:43.6200000Z;Record
4525;hack4tkSimData;21.045354391003659;67.353181330185933;2017-06-26T18:25:42.8797223Z;3;2017-06-26T18:25:44.6510000Z;Record
4526;hack4tkSimData;23.330219496660966;74.632567602504309;2017-06-26T18:25:43.9734998Z;3;2017-06-26T18:25:45.7150000Z;Record
4527;hack4tkSimData;27.215617660999122;72.814021088561987;2017-06-26T18:25:44.9517965Z;3;2017-06-26T18:25:46.7630000Z;Record
4528;hack4tkSimData;26.3668167690592;71.184735498942771;2017-06-26T18:25:46.0455644Z;3;2017-06-26T18:25:47.8080000Z;Record
4529;hack4tkSimData;26.322768086717822;69.34164838369081;2017-06-26T18:25:47.1393411Z;3;2017-06-26T18:25:48.9020000Z;Record
4530;hack4tkSimData;22.444304522333809;76.147249125012777;2017-06-26T18:25:48.2385445Z;3;2017-06-26T18:25:49.9960000Z;Record
4531;hack4tkSimData;20.932930026172162;66.134914879749957;2017-06-26T18:25:49.3405186Z;3;2017-06-26T18:25:51.0430000Z;Record
4532;hack4tkSimData;32.404050329888264;72.654704131490874;2017-06-26T18:25:50.3249144Z;3;2017-06-26T18:25:52.1060000Z;Record
4533;hack4tkSimData;34.961607335117463;68.583883656460742;2017-06-26T18:25:51.4186879Z;3;2017-06-26T18:25:53.1840000Z;Record
4534;hack4tkSimData;23.206097082330892;65.0155682326367;2017-06-26T18:25:52.5124581Z;3;2017-06-26T18:25:54.2620000Z;Record
4535;hack4tkSimData;33.245615131801742;75.890668237530946;2017-06-26T18:25:53.6062297Z;3;2017-06-26T18:25:55.3100000Z;Record
4536;hack4tkSimData;29.999092172365213;74.359269530679683;2017-06-26T18:25:54.5906234Z;3;2017-06-26T18:25:56.3880000Z;Record
4537;hack4tkSimData;27.479026959035092;67.848347131092268;2017-06-26T18:25:55.6843938Z;3;2017-06-26T18:25:57.4350000Z;Record
4538;hack4tkSimData;30.252315523220375;79.647266976371071;2017-06-26T18:25:56.6701411Z;3;2017-06-26T18:25:58.4820000Z;Record
4539;hack4tkSimData;32.463635400619189;79.129890547660125;2017-06-26T18:25:57.7662034Z;3;2017-06-26T18:25:59.5290000Z;Record
4540;hack4tkSimData;29.871078459485936;65.88703598169937;2017-06-26T18:25:58.8599720Z;3;2017-06-26T18:26:00.5910000Z;Record
4541;hack4tkSimData;25.652406667662973;76.0096934977964;2017-06-26T18:25:59.9537441Z;3;2017-06-26T18:26:01.7010000Z;Record
4542;hack4tkSimData;29.611221335181604;72.981380593488637;2017-06-26T18:26:01.0534261Z;3;2017-06-26T18:26:02.7790000Z;Record
4543;hack4tkSimData;33.930018585608352;77.055812793344174;2017-06-26T18:26:02.2579653Z;3;2017-06-26T18:26:03.9820000Z;Record
4544;hack4tkSimData;23.315644603369591;77.920645753816075;2017-06-26T18:26:03.2423808Z;3;2017-06-26T18:26:05.0310000Z;Record
4545;hack4tkSimData;29.848286150884014;69.553946866446154;2017-06-26T18:26:04.3361497Z;3;2017-06-26T18:26:06.0940000Z;Record
4546;hack4tkSimData;24.900432983366976;62.9617540272706;2017-06-26T18:26:05.4336401Z;3;2017-06-26T18:26:07.1570000Z;Record
4547;hack4tkSimData;21.392389524910779;77.995573840101983;2017-06-26T18:26:06.4115984Z;3;2017-06-26T18:26:08.2030000Z;Record
4548;hack4tkSimData;30.747292575308723;67.339220432256923;2017-06-26T18:26:07.5091524Z;3;2017-06-26T18:26:09.2500000Z;Record
4549;hack4tkSimData;21.364574060479445;78.468746607410139;2017-06-26T18:26:08.4992459Z;3;2017-06-26T18:26:10.2980000Z;Record
4550;hack4tkSimData;33.6746416653854;73.833064694811156;2017-06-26T18:26:09.5974861Z;3;2017-06-26T18:26:11.3440000Z;Record
4551;hack4tkSimData;20.422906947984782;78.173266462131068;2017-06-26T18:26:10.6903256Z;3;2017-06-26T18:26:12.4070000Z;Record
4552;hack4tkSimData;29.196882075256148;65.503137617140609;2017-06-26T18:26:11.6747310Z;3;2017-06-26T18:26:13.4540000Z;Record
4553;hack4tkSimData;30.515793825274237;70.081023131534934;2017-06-26T18:26:12.7684908Z;3;2017-06-26T18:26:14.5160000Z;Record
4554;hack4tkSimData;23.49539874284314;61.772476416906564;2017-06-26T18:26:13.8622587Z;3;2017-06-26T18:26:15.5790000Z;Record
4555;hack4tkSimData;34.358200293201115;68.8418220490412;2017-06-26T18:26:14.8466555Z;3;2017-06-26T18:26:16.6110000Z;Record
4556;hack4tkSimData;30.924916223587893;69.300466901296971;2017-06-26T18:26:15.9404272Z;3;2017-06-26T18:26:17.6740000Z;Record
4557;hack4tkSimData;32.135157828282175;77.3720367147457;2017-06-26T18:26:16.9248284Z;3;2017-06-26T18:26:18.7050000Z;Record
4558;hack4tkSimData;26.45803017609661;65.234213203766487;2017-06-26T18:26:18.0249225Z;3;2017-06-26T18:26:19.7680000Z;Record
4559;hack4tkSimData;29.989964824630864;63.557353179695717;2017-06-26T18:26:19.1187040Z;3;2017-06-26T18:26:20.8460000Z;Record
4560;hack4tkSimData;30.561009513009807;62.892996986812449;2017-06-26T18:26:20.1030817Z;3;2017-06-26T18:26:21.9090000Z;Record
4561;hack4tkSimData;23.122268138975961;66.354150355958453;2017-06-26T18:26:21.2018245Z;3;2017-06-26T18:26:22.9560000Z;Record
4562;hack4tkSimData;28.913390023593507;68.106873309289512;2017-06-26T18:26:22.2974654Z;3;2017-06-26T18:26:24.0020000Z;Record
4563;hack4tkSimData;27.01756819478123;70.37036886921635;2017-06-26T18:26:23.2920776Z;3;2017-06-26T18:26:25.0810000Z;Record
4564;hack4tkSimData;29.377062623098986;71.976462105278145;2017-06-26T18:26:24.3885833Z;3;2017-06-26T18:26:26.1120000Z;Record
4565;hack4tkSimData;30.138967773010474;66.330533598703582;2017-06-26T18:26:25.4896041Z;3;2017-06-26T18:26:27.1900000Z;Record
4566;hack4tkSimData;33.370876171798855;78.14943392674877;2017-06-26T18:26:26.4849653Z;3;2017-06-26T18:26:28.2550000Z;Record
4567;hack4tkSimData;20.672776245359692;79.328373251170092;2017-06-26T18:26:27.5847096Z;3;2017-06-26T18:26:29.3020000Z;Record
4568;hack4tkSimData;23.992370038289749;69.363275761419573;2017-06-26T18:26:28.5722854Z;3;2017-06-26T18:26:30.3800000Z;Record
4569;hack4tkSimData;22.810388048091152;67.311824163101534;2017-06-26T18:26:29.6660844Z;3;2017-06-26T18:26:31.4430000Z;Record
4570;hack4tkSimData;34.220241619842241;68.492334982609535;2017-06-26T18:26:30.7598405Z;3;2017-06-26T18:26:32.4900000Z;Record
4571;hack4tkSimData;29.296460852164991;62.648383054252889;2017-06-26T18:26:31.7442222Z;3;2017-06-26T18:26:33.5370000Z;Record
4572;hack4tkSimData;34.082284022160934;64.289226152137488;2017-06-26T18:26:32.8422729Z;3;2017-06-26T18:26:34.5840000Z;Record
4573;hack4tkSimData;31.240543926246716;77.233443743192339;2017-06-26T18:26:33.9372308Z;3;2017-06-26T18:26:35.6470000Z;Record
4574;hack4tkSimData;25.086157692170776;64.484482651802011;2017-06-26T18:26:34.9229310Z;3;2017-06-26T18:26:36.6940000Z;Record
4575;hack4tkSimData;27.038650203979877;69.095510229978487;2017-06-26T18:26:36.0194485Z;3;2017-06-26T18:26:37.7720000Z;Record
4576;hack4tkSimData;30.514450499561825;78.26207890094355;2017-06-26T18:26:37.1132430Z;3;2017-06-26T18:26:38.8190000Z;Record
4577;hack4tkSimData;23.290550442547794;75.339858567034753;2017-06-26T18:26:38.1013682Z;3;2017-06-26T18:26:39.8810000Z;Record
4578;hack4tkSimData;27.252530382132406;74.209725574687923;2017-06-26T18:26:39.1914112Z;3;2017-06-26T18:26:40.9280000Z;Record
4579;hack4tkSimData;24.71655982300479;64.155636124385353;2017-06-26T18:26:40.2853238Z;3;2017-06-26T18:26:41.9750000Z;Record
4580;hack4tkSimData;32.109785018074227;63.650689564482633;2017-06-26T18:26:41.2695999Z;3;2017-06-26T18:26:43.0530000Z;Record
4581;hack4tkSimData;33.183704725552211;72.684069551846051;2017-06-26T18:26:42.3633946Z;3;2017-06-26T18:26:44.1330000Z;Record
4582;hack4tkSimData;26.19038953966945;72.8137334588979;2017-06-26T18:26:43.4587699Z;3;2017-06-26T18:26:45.2430000Z;Record
4583;hack4tkSimData;28.260490364982044;76.417121038035077;2017-06-26T18:26:44.5579029Z;3;2017-06-26T18:26:46.3210000Z;Record
4584;hack4tkSimData;26.302573930613033;76.85183718653947;2017-06-26T18:26:45.7696895Z;3;2017-06-26T18:26:47.5710000Z;Record
4585;hack4tkSimData;29.036657497769529;79.247431140042579;2017-06-26T18:26:46.8634540Z;3;2017-06-26T18:26:48.6650000Z;Record
4586;hack4tkSimData;21.115271854733709;66.00812893640628;2017-06-26T18:26:48.3947442Z;3;2017-06-26T18:26:50.2120000Z;Record
4587;hack4tkSimData;23.447773264929545;65.589011034736885;2017-06-26T18:26:49.5987563Z;3;2017-06-26T18:26:51.3060000Z;Record
4588;hack4tkSimData;27.873286887944346;61.514641131048393;2017-06-26T18:26:50.6931422Z;3;2017-06-26T18:26:52.4620000Z;Record
4589;hack4tkSimData;25.6833287448079;67.595293879320522;2017-06-26T18:26:51.7912986Z;3;2017-06-26T18:26:53.5560000Z;Record
4590;hack4tkSimData;29.839611055720418;72.12331384984931;2017-06-26T18:26:52.8850755Z;3;2017-06-26T18:26:54.6340000Z;Record
4591;hack4tkSimData;22.69161895974149;68.018267512329984;2017-06-26T18:26:54.0882213Z;3;2017-06-26T18:26:55.7900000Z;Record
4592;hack4tkSimData;21.943696374978728;64.423113467368822;2017-06-26T18:26:55.0746942Z;3;2017-06-26T18:26:56.8530000Z;Record
4593;hack4tkSimData;29.233449699465861;79.565755994788248;2017-06-26T18:26:56.1730285Z;3;2017-06-26T18:26:57.9310000Z;Record
4594;hack4tkSimData;30.321525002513791;65.55717642677817;2017-06-26T18:26:57.1574218Z;3;2017-06-26T18:26:58.9780000Z;Record
4595;hack4tkSimData;27.243749556245167;71.113434476365072;2017-06-26T18:26:58.2517496Z;3;2017-06-26T18:27:00.0240000Z;Record
4596;hack4tkSimData;22.305896998059886;79.591547939736188;2017-06-26T18:26:59.3611535Z;3;2017-06-26T18:27:01.0870000Z;Record
4597;hack4tkSimData;28.374083104251923;75.309632595307022;2017-06-26T18:27:00.4491640Z;3;2017-06-26T18:27:02.1490000Z;Record
4598;hack4tkSimData;28.185546511404937;79.711211584373942;2017-06-26T18:27:01.5484837Z;3;2017-06-26T18:27:03.2440000Z;Record
4599;hack4tkSimData;30.79589775102022;65.962645237316679;2017-06-26T18:27:02.5328792Z;3;2017-06-26T18:27:04.2910000Z;Record
4600;hack4tkSimData;29.956429249121076;78.5702708636272;2017-06-26T18:27:03.6266512Z;3;2017-06-26T18:27:05.4160000Z;Record
4601;hack4tkSimData;26.622508876781218;69.929706403021569;2017-06-26T18:27:04.7221961Z;3;2017-06-26T18:27:06.4790000Z;Record
4602;hack4tkSimData;29.326704491081976;70.137435798597267;2017-06-26T18:27:05.7222295Z;3;2017-06-26T18:27:07.5420000Z;Record
4603;hack4tkSimData;25.706360817750152;68.011138396342815;2017-06-26T18:27:06.8249762Z;3;2017-06-26T18:27:08.5730000Z;Record
4604;hack4tkSimData;30.248785910778114;78.79838955532685;2017-06-26T18:27:07.9223268Z;3;2017-06-26T18:27:09.6440000Z;Record
4605;hack4tkSimData;23.631607037331726;68.155399378461482;2017-06-26T18:27:09.0161039Z;3;2017-06-26T18:27:10.8000000Z;Record
4606;hack4tkSimData;24.973965436208047;78.693452551352536;2017-06-26T18:27:10.1098902Z;3;2017-06-26T18:27:11.8310000Z;Record
4607;hack4tkSimData;28.277116037568597;64.023066174249664;2017-06-26T18:27:11.0942835Z;3;2017-06-26T18:27:12.8940000Z;Record
4608;hack4tkSimData;20.046398213620485;69.560005455072968;2017-06-26T18:27:12.1880573Z;3;2017-06-26T18:27:13.9570000Z;Record
4609;hack4tkSimData;27.569355788905803;63.830739252190448;2017-06-26T18:27:13.2818258Z;3;2017-06-26T18:27:15.0090000Z;Record
4610;hack4tkSimData;20.376850394707571;71.448231158521139;2017-06-26T18:27:14.3756028Z;3;2017-06-26T18:27:16.1200000Z;Record
4611;hack4tkSimData;21.99131577601252;62.846255480705878;2017-06-26T18:27:15.4693676Z;3;2017-06-26T18:27:17.1830000Z;Record
4612;hack4tkSimData;25.395128333659436;60.935442187327631;2017-06-26T18:27:16.4537613Z;3;2017-06-26T18:27:18.2450000Z;Record
4613;hack4tkSimData;32.129676356972041;61.895481199908758;2017-06-26T18:27:17.5475348Z;3;2017-06-26T18:27:19.3550000Z;Record
4614;hack4tkSimData;31.132013598052794;69.287398424599047;2017-06-26T18:27:18.6413072Z;3;2017-06-26T18:27:20.4020000Z;Record
4615;hack4tkSimData;31.006211764647723;70.786504266218515;2017-06-26T18:27:19.8456067Z;3;2017-06-26T18:27:21.5430000Z;Record
4616;hack4tkSimData;25.340083097266074;61.615126422427188;2017-06-26T18:27:20.8299998Z;3;2017-06-26T18:27:22.6050000Z;Record
4617;hack4tkSimData;30.740041160369309;74.549210544000019;2017-06-26T18:27:21.9237837Z;3;2017-06-26T18:27:23.6680000Z;Record
4618;hack4tkSimData;22.469976510605765;73.659118876633755;2017-06-26T18:27:22.9237885Z;3;2017-06-26T18:27:24.7300000Z;Record
4619;hack4tkSimData;31.686996143165508;72.454159368041047;2017-06-26T18:27:24.0175584Z;3;2017-06-26T18:27:25.7770000Z;Record
4620;hack4tkSimData;32.610974282776461;64.300127869611671;2017-06-26T18:27:25.1117613Z;3;2017-06-26T18:27:26.8400000Z;Record
4621;hack4tkSimData;24.425531085313079;74.963643781358215;2017-06-26T18:27:26.0961896Z;3;2017-06-26T18:27:27.8870000Z;Record
4622;hack4tkSimData;20.536275282751898;61.502933363198736;2017-06-26T18:27:27.1899450Z;3;2017-06-26T18:27:28.9340000Z;Record
4623;hack4tkSimData;23.361110421065757;64.381076779393979;2017-06-26T18:27:28.2837330Z;3;2017-06-26T18:27:29.9970000Z;Record
4624;hack4tkSimData;26.416544917233544;67.1423779647529;2017-06-26T18:27:29.2681314Z;3;2017-06-26T18:27:31.0430000Z;Record
4625;hack4tkSimData;31.435826232859782;61.354056560133607;2017-06-26T18:27:30.3628271Z;3;2017-06-26T18:27:32.0900000Z;Record
4626;hack4tkSimData;27.21405289937465;70.563791082503172;2017-06-26T18:27:31.4565857Z;3;2017-06-26T18:27:33.1530000Z;Record
4627;hack4tkSimData;24.095133533279942;61.827007840306969;2017-06-26T18:27:32.5589361Z;3;2017-06-26T18:27:34.2630000Z;Record
4628;hack4tkSimData;31.936387371707887;65.983756355002413;2017-06-26T18:27:33.5442686Z;3;2017-06-26T18:27:35.3120000Z;Record
4629;hack4tkSimData;22.052151468606738;71.500163800781664;2017-06-26T18:27:34.6380252Z;3;2017-06-26T18:27:36.3760000Z;Record
4630;hack4tkSimData;30.4734004919759;65.712999890424783;2017-06-26T18:27:35.6275791Z;3;2017-06-26T18:27:37.4220000Z;Record
4631;hack4tkSimData;29.876340199204321;64.377649456438448;2017-06-26T18:27:36.7229433Z;3;2017-06-26T18:27:38.4690000Z;Record
4632;hack4tkSimData;23.09258040184741;74.055638450223782;2017-06-26T18:27:37.7132256Z;3;2017-06-26T18:27:39.5160000Z;Record
4633;hack4tkSimData;20.776466436580041;65.016827492516867;2017-06-26T18:27:38.8069813Z;3;2017-06-26T18:27:40.5630000Z;Record
4634;hack4tkSimData;23.28004825314509;76.486944172758115;2017-06-26T18:27:39.9020728Z;3;2017-06-26T18:27:41.6100000Z;Record
4635;hack4tkSimData;20.547323120081483;66.402745408193553;2017-06-26T18:27:40.8864643Z;3;2017-06-26T18:27:42.6720000Z;Record
4636;hack4tkSimData;30.483007948139218;77.63831501716669;2017-06-26T18:27:41.9802457Z;3;2017-06-26T18:27:43.7190000Z;Record
4637;hack4tkSimData;25.26208015636638;76.202339323331756;2017-06-26T18:27:43.0739948Z;3;2017-06-26T18:27:44.7820000Z;Record
4638;hack4tkSimData;24.160642283577772;67.691443919991812;2017-06-26T18:27:44.0607772Z;3;2017-06-26T18:27:45.8300000Z;Record
4639;hack4tkSimData;21.598416327777514;65.690571081680517;2017-06-26T18:27:45.1571478Z;3;2017-06-26T18:27:46.8780000Z;Record
4640;hack4tkSimData;32.340471219429965;71.791825029902071;2017-06-26T18:27:46.1448582Z;3;2017-06-26T18:27:47.9560000Z;Record
4641;hack4tkSimData;30.005065982698028;67.700306832650824;2017-06-26T18:27:47.2386325Z;3;2017-06-26T18:27:49.0220000Z;Record
4642;hack4tkSimData;30.529722585589496;73.320892459396688;2017-06-26T18:27:48.3351679Z;3;2017-06-26T18:27:50.0840000Z;Record
4643;hack4tkSimData;20.875825300289236;76.5563197138516;2017-06-26T18:27:49.4289211Z;3;2017-06-26T18:27:51.1470000Z;Record
4644;hack4tkSimData;32.116211283540451;72.493047040185445;2017-06-26T18:27:50.6476731Z;3;2017-06-26T18:27:52.3810000Z;Record
4645;hack4tkSimData;33.975520536292123;77.3095456591386;2017-06-26T18:27:51.7414633Z;3;2017-06-26T18:27:53.4440000Z;Record
4646;hack4tkSimData;28.192187688868579;64.082497723439;2017-06-26T18:27:52.7258635Z;3;2017-06-26T18:27:54.4900000Z;Record
4647;hack4tkSimData;33.867219034054884;71.1016324866105;2017-06-26T18:27:53.8140300Z;3;2017-06-26T18:27:55.5370000Z;Record
4648;hack4tkSimData;28.348755703004429;61.523058657312326;2017-06-26T18:27:54.8052926Z;3;2017-06-26T18:27:56.5840000Z;Record
4649;hack4tkSimData;28.130152434171247;66.659395260112078;2017-06-26T18:27:55.8990827Z;3;2017-06-26T18:27:57.6330000Z;Record
4650;hack4tkSimData;20.350733585819011;79.464653068904141;2017-06-26T18:27:56.9928588Z;3;2017-06-26T18:27:58.6810000Z;Record
4651;hack4tkSimData;20.005759331400395;72.06844905021994;2017-06-26T18:27:57.9853609Z;3;2017-06-26T18:27:59.7440000Z;Record
4652;hack4tkSimData;24.809460353483196;68.845022902286161;2017-06-26T18:27:59.0810931Z;3;2017-06-26T18:28:00.8060000Z;Record
4653;hack4tkSimData;25.532534471960986;71.9804221819995;2017-06-26T18:28:00.1761542Z;3;2017-06-26T18:28:01.9000000Z;Record
4654;hack4tkSimData;22.660763155511006;69.2578387210415;2017-06-26T18:28:01.1649380Z;3;2017-06-26T18:28:02.9620000Z;Record
4655;hack4tkSimData;32.209613596652453;68.223739242285376;2017-06-26T18:28:02.2623691Z;3;2017-06-26T18:28:04.0560000Z;Record
4656;hack4tkSimData;22.889400938474296;77.0456308764618;2017-06-26T18:28:03.3593781Z;3;2017-06-26T18:28:05.1190000Z;Record
4657;hack4tkSimData;31.284651631156287;62.172708959399124;2017-06-26T18:28:04.4531490Z;3;2017-06-26T18:28:06.1690000Z;Record
4658;hack4tkSimData;29.279683935120556;65.468146766288271;2017-06-26T18:28:05.4434607Z;3;2017-06-26T18:28:07.2160000Z;Record
4659;hack4tkSimData;27.753514506739339;70.802548076399859;2017-06-26T18:28:06.5414397Z;3;2017-06-26T18:28:08.2630000Z;Record
4660;hack4tkSimData;29.665903537378604;64.478968868255137;2017-06-26T18:28:07.5325846Z;3;2017-06-26T18:28:09.3090000Z;Record
4661;hack4tkSimData;26.646409335847203;71.88035063067467;2017-06-26T18:28:08.6263525Z;3;2017-06-26T18:28:10.3560000Z;Record
4662;hack4tkSimData;33.389687593276463;63.42021850097003;2017-06-26T18:28:09.6107663Z;3;2017-06-26T18:28:11.4030000Z;Record
4663;hack4tkSimData;31.609871367276586;69.894846207413281;2017-06-26T18:28:10.7053898Z;3;2017-06-26T18:28:12.4660000Z;Record
4664;hack4tkSimData;34.361517228820134;75.914474388544676;2017-06-26T18:28:11.8025257Z;3;2017-06-26T18:28:13.5130000Z;Record
4665;hack4tkSimData;23.802998789494392;64.024464387458039;2017-06-26T18:28:12.7869042Z;3;2017-06-26T18:28:14.5600000Z;Record
4666;hack4tkSimData;32.638430505822612;75.471826510257941;2017-06-26T18:28:13.8810927Z;3;2017-06-26T18:28:15.6060000Z;Record
4667;hack4tkSimData;23.917194725441369;76.989308557002488;2017-06-26T18:28:14.8654845Z;3;2017-06-26T18:28:16.6690000Z;Record
4668;hack4tkSimData;28.838109441026166;61.271638926710764;2017-06-26T18:28:15.9600620Z;3;2017-06-26T18:28:17.7160000Z;Record
4669;hack4tkSimData;20.965769771004918;65.194607211833173;2017-06-26T18:28:17.0538294Z;3;2017-06-26T18:28:18.7630000Z;Record
4670;hack4tkSimData;24.45813487258653;69.187344885052809;2017-06-26T18:28:18.0382470Z;3;2017-06-26T18:28:19.8090000Z;Record
4671;hack4tkSimData;29.756476629877685;66.897109657012436;2017-06-26T18:28:19.1319997Z;3;2017-06-26T18:28:20.8720000Z;Record
4672;hack4tkSimData;32.160171683486631;70.410288139437455;2017-06-26T18:28:20.2257844Z;3;2017-06-26T18:28:22.0280000Z;Record
4673;hack4tkSimData;30.092758305879663;73.877286042029638;2017-06-26T18:28:21.3195643Z;3;2017-06-26T18:28:23.0750000Z;Record
4674;hack4tkSimData;26.777221661422971;76.316916419340728;2017-06-26T18:28:22.3195581Z;3;2017-06-26T18:28:24.1220000Z;Record
4675;hack4tkSimData;34.046540429837322;65.663527504384291;2017-06-26T18:28:23.4133508Z;3;2017-06-26T18:28:25.1590000Z;Record
4676;hack4tkSimData;28.388779486244907;60.037655169161809;2017-06-26T18:28:24.5227401Z;3;2017-06-26T18:28:26.2380000Z;Record
4677;hack4tkSimData;30.328642907705458;75.988675912836882;2017-06-26T18:28:25.6234592Z;3;2017-06-26T18:28:27.3310000Z;Record
4678;hack4tkSimData;27.9520804658309;68.12732847785918;2017-06-26T18:28:26.7328343Z;3;2017-06-26T18:28:28.4560000Z;Record
4679;hack4tkSimData;30.661649194388488;62.992395303674229;2017-06-26T18:28:27.7201406Z;3;2017-06-26T18:28:29.5200000Z;Record
4680;hack4tkSimData;30.023895809438031;77.481866421868034;2017-06-26T18:28:28.8138900Z;3;2017-06-26T18:28:30.5510000Z;Record
4681;hack4tkSimData;29.623799407679492;67.633209818803337;2017-06-26T18:28:29.9109348Z;3;2017-06-26T18:28:31.6310000Z;Record
4682;hack4tkSimData;23.140380251286729;72.255020408078565;2017-06-26T18:28:30.8971392Z;3;2017-06-26T18:28:32.6780000Z;Record
4683;hack4tkSimData;28.529373925891413;68.380708074374454;2017-06-26T18:28:31.9940302Z;3;2017-06-26T18:28:33.7250000Z;Record
4684;hack4tkSimData;28.867028431904981;78.056893617872561;2017-06-26T18:28:32.9842771Z;3;2017-06-26T18:28:34.7720000Z;Record
4685;hack4tkSimData;27.791422278523179;71.1012729867833;2017-06-26T18:28:34.0780344Z;3;2017-06-26T18:28:35.8190000Z;Record
4686;hack4tkSimData;23.135340303711285;65.143412130485942;2017-06-26T18:28:35.1718217Z;3;2017-06-26T18:28:36.8860000Z;Record
4687;hack4tkSimData;23.643776184713364;63.700526498118663;2017-06-26T18:28:36.1562147Z;3;2017-06-26T18:28:37.9330000Z;Record
4688;hack4tkSimData;28.602750021313668;61.964769457450494;2017-06-26T18:28:37.2500015Z;3;2017-06-26T18:28:38.9870000Z;Record
4689;hack4tkSimData;31.750091289519375;67.442628651597829;2017-06-26T18:28:38.3456753Z;3;2017-06-26T18:28:40.0510000Z;Record
4690;hack4tkSimData;27.472405569847862;61.602542447672477;2017-06-26T18:28:39.3317619Z;3;2017-06-26T18:28:41.1130000Z;Record
4691;hack4tkSimData;20.643912994136993;62.831773219086124;2017-06-26T18:28:40.4255342Z;3;2017-06-26T18:28:42.1600000Z;Record
4692;hack4tkSimData;32.889315361571178;79.407137548274889;2017-06-26T18:28:41.5193319Z;3;2017-06-26T18:28:43.2540000Z;Record
4693;hack4tkSimData;29.629568804348619;76.81358550526835;2017-06-26T18:28:42.5037219Z;3;2017-06-26T18:28:44.3160000Z;Record
4694;hack4tkSimData;21.275226974987994;69.234250387751615;2017-06-26T18:28:43.6006446Z;3;2017-06-26T18:28:45.3950000Z;Record
4695;hack4tkSimData;24.789900951920963;63.656817443509034;2017-06-26T18:28:44.6944114Z;3;2017-06-26T18:28:46.4420000Z;Record
4696;hack4tkSimData;25.292080000644589;78.295297724332329;2017-06-26T18:28:45.7922481Z;3;2017-06-26T18:28:47.4890000Z;Record
4697;hack4tkSimData;28.872059599436849;68.46231340824734;2017-06-26T18:28:46.7773985Z;3;2017-06-26T18:28:48.5520000Z;Record
4698;hack4tkSimData;32.266709256110111;65.375425687700243;2017-06-26T18:28:47.8711722Z;3;2017-06-26T18:28:49.6140000Z;Record
4699;hack4tkSimData;22.032451991472605;63.958541836570269;2017-06-26T18:28:48.9637293Z;3;2017-06-26T18:28:50.7080000Z;Record
4700;hack4tkSimData;34.278342178686685;65.076303000131759;2017-06-26T18:28:50.0606132Z;3;2017-06-26T18:28:51.7700000Z;Record
4701;hack4tkSimData;21.540936099617248;70.9794019306914;2017-06-26T18:28:51.0450313Z;3;2017-06-26T18:28:52.8330000Z;Record
4702;hack4tkSimData;24.446265035982368;67.627447586333119;2017-06-26T18:28:52.1388205Z;3;2017-06-26T18:28:53.8800000Z;Record
4703;hack4tkSimData;21.112305324576937;66.041627184507263;2017-06-26T18:28:53.2408943Z;3;2017-06-26T18:28:55.0050000Z;Record
4704;hack4tkSimData;31.38446519215799;70.070997378821943;2017-06-26T18:28:54.3343474Z;3;2017-06-26T18:28:56.0680000Z;Record
4705;hack4tkSimData;23.388756913313994;68.6380044969907;2017-06-26T18:28:55.3212336Z;3;2017-06-26T18:28:57.1150000Z;Record
4706;hack4tkSimData;29.345405068875014;66.772903607586812;2017-06-26T18:28:56.4162731Z;3;2017-06-26T18:28:58.1610000Z;Record
4707;hack4tkSimData;29.77189090790781;71.762651964911569;2017-06-26T18:28:57.4006770Z;3;2017-06-26T18:28:59.2080000Z;Record
4708;hack4tkSimData;32.467486822264028;69.999959324486539;2017-06-26T18:28:58.4969317Z;3;2017-06-26T18:29:00.2710000Z;Record
4709;hack4tkSimData;27.835592002531321;64.780036120107411;2017-06-26T18:28:59.5906701Z;3;2017-06-26T18:29:01.3180000Z;Record
4710;hack4tkSimData;34.561696501710308;74.558913062586868;2017-06-26T18:29:00.5809421Z;3;2017-06-26T18:29:02.3800000Z;Record
4711;hack4tkSimData;25.010304080792842;62.588454188121695;2017-06-26T18:29:01.6747366Z;3;2017-06-26T18:29:03.4270000Z;Record
4712;hack4tkSimData;28.752769261483461;66.731745594521868;2017-06-26T18:29:02.7685076Z;3;2017-06-26T18:29:04.4900000Z;Record
4713;hack4tkSimData;23.033874739442894;65.885156013949384;2017-06-26T18:29:03.7539810Z;3;2017-06-26T18:29:05.5530000Z;Record
4714;hack4tkSimData;29.985499498427615;76.396054838037145;2017-06-26T18:29:04.9614514Z;3;2017-06-26T18:29:06.6940000Z;Record
4715;hack4tkSimData;25.508685617478882;66.094907674051314;2017-06-26T18:29:06.0742609Z;3;2017-06-26T18:29:07.8500000Z;Record
4716;hack4tkSimData;34.44112510161527;71.708246549455566;2017-06-26T18:29:07.1669730Z;3;2017-06-26T18:29:08.9130000Z;Record
4717;hack4tkSimData;26.30362931001169;64.886904426332052;2017-06-26T18:29:08.2589801Z;3;2017-06-26T18:29:09.9750000Z;Record
4718;hack4tkSimData;34.660970736137116;69.879148728157929;2017-06-26T18:29:09.2459447Z;3;2017-06-26T18:29:11.0060000Z;Record
4719;hack4tkSimData;32.677564878332227;69.558306229095109;2017-06-26T18:29:10.3313563Z;3;2017-06-26T18:29:12.0690000Z;Record
4720;hack4tkSimData;33.443047836629233;66.797797887957557;2017-06-26T18:29:11.4255758Z;3;2017-06-26T18:29:13.1480000Z;Record
4721;hack4tkSimData;21.225723936793266;71.629305254495378;2017-06-26T18:29:12.5314764Z;3;2017-06-26T18:29:14.3200000Z;Record
4722;hack4tkSimData;23.536930877499717;77.74853010557058;2017-06-26T18:29:13.6182672Z;3;2017-06-26T18:29:15.3670000Z;Record
4723;hack4tkSimData;28.397208013756764;60.2832030599393;2017-06-26T18:29:14.7120600Z;3;2017-06-26T18:29:16.4310000Z;Record
4724;hack4tkSimData;23.949582385341444;60.066760834337565;2017-06-26T18:29:15.6964490Z;3;2017-06-26T18:29:17.4620000Z;Record
4725;hack4tkSimData;28.879248233921476;66.355653016993614;2017-06-26T18:29:16.7841691Z;3;2017-06-26T18:29:18.5260000Z;Record
4726;hack4tkSimData;31.195977263243858;77.929899868522725;2017-06-26T18:29:17.7704595Z;3;2017-06-26T18:29:19.5730000Z;Record
4727;hack4tkSimData;23.407209875717392;64.47887650899537;2017-06-26T18:29:18.8663075Z;3;2017-06-26T18:29:20.6350000Z;Record
4728;hack4tkSimData;33.796923169305977;79.466127278034634;2017-06-26T18:29:19.9643788Z;3;2017-06-26T18:29:21.7290000Z;Record
4729;hack4tkSimData;34.481782186535085;79.196607786787951;2017-06-26T18:29:21.0581330Z;3;2017-06-26T18:29:22.8230000Z;Record
4730;hack4tkSimData;22.686710950306946;75.5979177521532;2017-06-26T18:29:22.1519067Z;3;2017-06-26T18:29:23.9010000Z;Record
4731;hack4tkSimData;29.545720889952833;78.783232084840179;2017-06-26T18:29:23.2456737Z;3;2017-06-26T18:29:25.0260000Z;Record
4732;hack4tkSimData;22.044562416637579;78.423434877034012;2017-06-26T18:29:24.3394457Z;3;2017-06-26T18:29:26.0890000Z;Record
4733;hack4tkSimData;27.037378271127761;60.752293542377785;2017-06-26T18:29:25.4332180Z;3;2017-06-26T18:29:27.1820000Z;Record
4734;hack4tkSimData;33.776048395678423;68.142283450878352;2017-06-26T18:29:26.5269874Z;3;2017-06-26T18:29:28.2300000Z;Record
4735;hack4tkSimData;29.161018237546561;66.74416703486078;2017-06-26T18:29:27.5113617Z;3;2017-06-26T18:29:29.3090000Z;Record
4736;hack4tkSimData;29.822404615032674;60.889149774279979;2017-06-26T18:29:28.7145397Z;3;2017-06-26T18:29:30.5270000Z;Record
4737;hack4tkSimData;25.141979253451332;72.617797447656187;2017-06-26T18:29:29.8083053Z;3;2017-06-26T18:29:31.5840000Z;Record
4738;hack4tkSimData;29.693460860146889;75.05110018656174;2017-06-26T18:29:31.0032698Z;3;2017-06-26T18:29:32.7090000Z;Record
4739;hack4tkSimData;33.404409763591559;73.9218289097407;2017-06-26T18:29:31.9876878Z;3;2017-06-26T18:29:33.7710000Z;Record
4740;hack4tkSimData;31.651601182134637;63.761963259317895;2017-06-26T18:29:33.0814564Z;3;2017-06-26T18:29:34.8500000Z;Record
4741;hack4tkSimData;20.464284625120595;73.247238496899257;2017-06-26T18:29:34.1754912Z;3;2017-06-26T18:29:35.9120000Z;Record
4742;hack4tkSimData;23.417792894606382;60.989261139644896;2017-06-26T18:29:35.2764504Z;3;2017-06-26T18:29:36.9900000Z;Record
4743;hack4tkSimData;28.375203492294627;61.324933600297634;2017-06-26T18:29:36.2608288Z;3;2017-06-26T18:29:38.0530000Z;Record
4744;hack4tkSimData;25.373975036374283;63.925962571020222;2017-06-26T18:29:37.3545988Z;3;2017-06-26T18:29:39.1150000Z;Record
4745;hack4tkSimData;24.868255150443062;60.081833703481514;2017-06-26T18:29:38.4483698Z;3;2017-06-26T18:29:40.1460000Z;Record
4746;hack4tkSimData;27.927579359583362;77.706812050988347;2017-06-26T18:29:39.4354469Z;3;2017-06-26T18:29:41.2090000Z;Record
4747;hack4tkSimData;24.48201872151439;62.3261460300191;2017-06-26T18:29:40.5320060Z;3;2017-06-26T18:29:42.2560000Z;Record
4748;hack4tkSimData;30.552627526015335;62.851066497550846;2017-06-26T18:29:41.6257470Z;3;2017-06-26T18:29:43.3180000Z;Record
4749;hack4tkSimData;26.677416524233955;66.292472959632278;2017-06-26T18:29:42.6101404Z;3;2017-06-26T18:29:44.3830000Z;Record
4750;hack4tkSimData;26.274019308050171;70.44398380929789;2017-06-26T18:29:43.7039325Z;3;2017-06-26T18:29:45.4450000Z;Record
4751;hack4tkSimData;21.43635389927605;77.123826396243572;2017-06-26T18:29:44.8152387Z;3;2017-06-26T18:29:46.5080000Z;Record
4752;hack4tkSimData;25.889052388206615;65.09483061036785;2017-06-26T18:29:45.7996324Z;3;2017-06-26T18:29:47.5860000Z;Record
4753;hack4tkSimData;29.944335147712536;74.038819910045163;2017-06-26T18:29:46.8934006Z;3;2017-06-26T18:29:48.6480000Z;Record
4754;hack4tkSimData;28.305445647940715;71.925149053300331;2017-06-26T18:29:47.9903585Z;3;2017-06-26T18:29:49.7110000Z;Record
4755;hack4tkSimData;28.665696521599635;63.344797372512893;2017-06-26T18:29:49.0841973Z;3;2017-06-26T18:29:50.7740000Z;Record
4756;hack4tkSimData;21.19518569493442;65.387214005639407;2017-06-26T18:29:50.2872950Z;3;2017-06-26T18:29:52.0560000Z;Record
4757;hack4tkSimData;22.745854657956333;79.820318007758033;2017-06-26T18:29:51.3810773Z;3;2017-06-26T18:29:53.1660000Z;Record
4758;hack4tkSimData;31.234153688994308;79.4803893563712;2017-06-26T18:29:52.5884108Z;3;2017-06-26T18:29:54.3060000Z;Record
4759;hack4tkSimData;30.669631169023752;61.736822082538538;2017-06-26T18:29:53.5749256Z;3;2017-06-26T18:29:55.3690000Z;Record
4760;hack4tkSimData;25.442372665480882;68.058237427872712;2017-06-26T18:29:54.6704309Z;3;2017-06-26T18:29:56.4320000Z;Record
4761;hack4tkSimData;30.19024512040906;74.442101956551014;2017-06-26T18:29:55.7657996Z;3;2017-06-26T18:29:57.4940000Z;Record
4762;hack4tkSimData;21.238457437715706;72.1328572799139;2017-06-26T18:29:56.7501681Z;3;2017-06-26T18:29:58.5420000Z;Record
4763;hack4tkSimData;32.13054591656222;75.3897274357219;2017-06-26T18:29:57.8439668Z;3;2017-06-26T18:29:59.6040000Z;Record
4764;hack4tkSimData;31.184843609195596;64.529826307916;2017-06-26T18:29:58.9377081Z;3;2017-06-26T18:30:00.6540000Z;Record
4765;hack4tkSimData;33.910720559726805;70.07354798264501;2017-06-26T18:29:59.9221374Z;3;2017-06-26T18:30:01.7340000Z;Record
4766;hack4tkSimData;24.610908615687354;71.580073391823134;2017-06-26T18:30:01.0158942Z;3;2017-06-26T18:30:02.7970000Z;Record
4767;hack4tkSimData;24.167352374255355;65.091484433548288;2017-06-26T18:30:02.1145099Z;3;2017-06-26T18:30:03.8760000Z;Record
4768;hack4tkSimData;21.385118545212372;63.495219770583894;2017-06-26T18:30:03.2034188Z;3;2017-06-26T18:30:04.9850000Z;Record
4769;hack4tkSimData;24.046376484467824;79.46222658244065;2017-06-26T18:30:04.2972053Z;3;2017-06-26T18:30:06.0790000Z;Record
4770;hack4tkSimData;25.797610707021136;77.128118079681;2017-06-26T18:30:05.3909757Z;3;2017-06-26T18:30:07.1410000Z;Record
4771;hack4tkSimData;27.688254552282512;75.2401509951987;2017-06-26T18:30:06.4847514Z;3;2017-06-26T18:30:08.2350000Z;Record
4772;hack4tkSimData;29.278775406665531;63.146209494744525;2017-06-26T18:30:07.5786103Z;3;2017-06-26T18:30:09.2820000Z;Record
4773;hack4tkSimData;33.866189582676718;65.1828918071384;2017-06-26T18:30:08.6723826Z;3;2017-06-26T18:30:10.3760000Z;Record
4774;hack4tkSimData;30.534254380284928;66.155706954261149;2017-06-26T18:30:09.6594235Z;3;2017-06-26T18:30:11.4230000Z;Record
4775;hack4tkSimData;25.51045583352002;74.589780678315918;2017-06-26T18:30:10.7749204Z;3;2017-06-26T18:30:12.5010000Z;Record
4776;hack4tkSimData;26.468668704139382;67.1663999497734;2017-06-26T18:30:11.7593209Z;3;2017-06-26T18:30:13.5480000Z;Record
4777;hack4tkSimData;34.276982054243319;60.307121649527517;2017-06-26T18:30:12.8530662Z;3;2017-06-26T18:30:14.5970000Z;Record
4778;hack4tkSimData;32.642742736564365;67.473036575817048;2017-06-26T18:30:13.9468525Z;3;2017-06-26T18:30:15.6440000Z;Record
4779;hack4tkSimData;31.60441235946697;75.719212571028251;2017-06-26T18:30:14.9312291Z;3;2017-06-26T18:30:16.7120000Z;Record
4780;hack4tkSimData;26.690577041213668;77.869386094561492;2017-06-26T18:30:16.0250001Z;3;2017-06-26T18:30:17.7530000Z;Record
4781;hack4tkSimData;34.344271323338276;66.544101222671614;2017-06-26T18:30:17.0126880Z;3;2017-06-26T18:30:18.8150000Z;Record
4782;hack4tkSimData;30.033141230248447;61.4807140461545;2017-06-26T18:30:18.3252424Z;3;2017-06-26T18:30:20.0220000Z;Record
4783;hack4tkSimData;32.897689413697314;70.0135075347561;2017-06-26T18:30:19.3096070Z;3;2017-06-26T18:30:21.0850000Z;Record
4784;hack4tkSimData;34.8730581299742;78.569655110393484;2017-06-26T18:30:20.4033639Z;3;2017-06-26T18:30:22.1470000Z;Record
4785;hack4tkSimData;33.480119960606153;71.483651814741847;2017-06-26T18:30:21.6112088Z;3;2017-06-26T18:30:23.3190000Z;Record
4786;hack4tkSimData;30.563915532810576;74.763948309591015;2017-06-26T18:30:22.6268531Z;3;2017-06-26T18:30:24.4130000Z;Record
4787;hack4tkSimData;30.505005854882768;70.128378807626845;2017-06-26T18:30:23.7206295Z;3;2017-06-26T18:30:25.5240000Z;Record
4788;hack4tkSimData;33.355423518622025;78.346842498680047;2017-06-26T18:30:24.8143858Z;3;2017-06-26T18:30:26.5710000Z;Record
4789;hack4tkSimData;21.552801060747729;78.505067088876416;2017-06-26T18:30:25.9238045Z;3;2017-06-26T18:30:27.6490000Z;Record
4790;hack4tkSimData;30.233453377258709;70.991169414944565;2017-06-26T18:30:27.0247619Z;3;2017-06-26T18:30:28.7270000Z;Record
4791;hack4tkSimData;21.00804119650649;68.757417857999641;2017-06-26T18:30:28.0170301Z;3;2017-06-26T18:30:29.8110000Z;Record
4792;hack4tkSimData;32.886913897416981;63.957846734653153;2017-06-26T18:30:29.1177440Z;3;2017-06-26T18:30:30.8740000Z;Record
4793;hack4tkSimData;21.086492282844379;78.9814782044764;2017-06-26T18:30:30.3267824Z;3;2017-06-26T18:30:32.0460000Z;Record
4794;hack4tkSimData;29.408072989624028;65.249348182812966;2017-06-26T18:30:31.5299082Z;3;2017-06-26T18:30:33.2650000Z;Record
4795;hack4tkSimData;26.175870588596851;74.373788151132771;2017-06-26T18:30:32.6290480Z;3;2017-06-26T18:30:34.3270000Z;Record
4796;hack4tkSimData;26.017002468470949;69.675956074928848;2017-06-26T18:30:33.6193132Z;3;2017-06-26T18:30:35.4210000Z;Record
4797;hack4tkSimData;27.906092895616823;69.860761514800018;2017-06-26T18:30:34.7171845Z;3;2017-06-26T18:30:36.4840000Z;Record
4798;hack4tkSimData;33.501817236422475;63.7069048470384;2017-06-26T18:30:35.8137477Z;3;2017-06-26T18:30:37.5620000Z;Record
4799;hack4tkSimData;21.396972016150585;70.8909864960662;2017-06-26T18:30:36.9075196Z;3;2017-06-26T18:30:38.6240000Z;Record
4800;hack4tkSimData;24.46196770736108;68.474745242146184;2017-06-26T18:30:37.8919248Z;3;2017-06-26T18:30:39.6870000Z;Record
4801;hack4tkSimData;24.014110725379602;75.476017396653077;2017-06-26T18:30:38.9856856Z;3;2017-06-26T18:30:40.7340000Z;Record
4802;hack4tkSimData;26.136660255089708;75.863622629951507;2017-06-26T18:30:40.0812100Z;3;2017-06-26T18:30:41.8270000Z;Record
4803;hack4tkSimData;20.378419975926363;73.860943295928152;2017-06-26T18:30:41.1731830Z;3;2017-06-26T18:30:42.9390000Z;Record
4804;hack4tkSimData;29.869794107447284;68.907597264697586;2017-06-26T18:30:42.2669749Z;3;2017-06-26T18:30:44.0020000Z;Record
4805;hack4tkSimData;21.874917718523609;78.5101478167391;2017-06-26T18:30:43.3684995Z;3;2017-06-26T18:30:45.0960000Z;Record
4806;hack4tkSimData;24.05197637111506;76.9674827237462;2017-06-26T18:30:44.4622910Z;3;2017-06-26T18:30:46.1750000Z;Record
4807;hack4tkSimData;21.55595605101248;77.929599973340331;2017-06-26T18:30:45.4466712Z;3;2017-06-26T18:30:47.2370000Z;Record
4808;hack4tkSimData;32.393998374414629;70.368277239784732;2017-06-26T18:30:46.5404347Z;3;2017-06-26T18:30:48.3150000Z;Record
4809;hack4tkSimData;27.021162019586733;69.419674905678107;2017-06-26T18:30:47.6383048Z;3;2017-06-26T18:30:49.4250000Z;Record
4810;hack4tkSimData;20.0240432517715;78.215441013786688;2017-06-26T18:30:48.7350752Z;3;2017-06-26T18:30:50.4870000Z;Record
4811;hack4tkSimData;33.102057661443041;74.581395990485973;2017-06-26T18:30:49.8289412Z;3;2017-06-26T18:30:51.5340000Z;Record
4812;hack4tkSimData;27.751370744198269;63.599705129675428;2017-06-26T18:30:50.9277243Z;3;2017-06-26T18:30:52.6120000Z;Record
4813;hack4tkSimData;22.595736392585437;64.409264635485258;2017-06-26T18:30:51.9167912Z;3;2017-06-26T18:30:53.6760000Z;Record
4814;hack4tkSimData;23.166868336576442;64.145912958377;2017-06-26T18:30:53.0036173Z;3;2017-06-26T18:30:54.7540000Z;Record
4815;hack4tkSimData;29.094466869297655;74.100326511124308;2017-06-26T18:30:54.0977849Z;3;2017-06-26T18:30:55.8170000Z;Record
4816;hack4tkSimData;32.363159857859443;71.1794149182641;2017-06-26T18:30:55.1891285Z;3;2017-06-26T18:30:56.8960000Z;Record
4817;hack4tkSimData;29.416832609296232;65.169859260865422;2017-06-26T18:30:56.1755976Z;3;2017-06-26T18:30:57.9580000Z;Record
4818;hack4tkSimData;24.229266335828818;65.868037532022242;2017-06-26T18:30:57.2837465Z;3;2017-06-26T18:30:59.0520000Z;Record
4819;hack4tkSimData;20.431403138410023;61.318929233271128;2017-06-26T18:30:58.3775155Z;3;2017-06-26T18:31:00.1150000Z;Record
4820;hack4tkSimData;22.589965075063503;67.587713081197677;2017-06-26T18:30:59.4712658Z;3;2017-06-26T18:31:01.1770000Z;Record
4821;hack4tkSimData;24.366314545910022;63.636500054801118;2017-06-26T18:31:00.4593805Z;3;2017-06-26T18:31:02.2400000Z;Record
4822;hack4tkSimData;22.062093418586112;69.724346301390014;2017-06-26T18:31:01.5604049Z;3;2017-06-26T18:31:03.2870000Z;Record
4823;hack4tkSimData;26.728364742234518;71.055187234215055;2017-06-26T18:31:02.6492663Z;3;2017-06-26T18:31:04.3490000Z;Record
4824;hack4tkSimData;25.701011005184153;72.611857220815423;2017-06-26T18:31:03.7450599Z;3;2017-06-26T18:31:05.4430000Z;Record
4825;hack4tkSimData;30.001572761685388;67.634145742111912;2017-06-26T18:31:04.7294357Z;3;2017-06-26T18:31:06.5050000Z;Record
4826;hack4tkSimData;30.759016615692069;72.442954449189344;2017-06-26T18:31:05.8232050Z;3;2017-06-26T18:31:07.5830000Z;Record
4827;hack4tkSimData;28.144196620278151;67.733849262694761;2017-06-26T18:31:07.0263510Z;3;2017-06-26T18:31:08.7430000Z;Record
4828;hack4tkSimData;28.254001270166597;70.770751643353492;2017-06-26T18:31:08.0107678Z;3;2017-06-26T18:31:09.7940000Z;Record
4829;hack4tkSimData;23.855642303291543;64.582508543777521;2017-06-26T18:31:09.1045399Z;3;2017-06-26T18:31:10.8560000Z;Record
4830;hack4tkSimData;29.301980579878194;76.095295332416555;2017-06-26T18:31:10.1983144Z;3;2017-06-26T18:31:11.9190000Z;Record
4831;hack4tkSimData;27.228839135369675;69.013812518219382;2017-06-26T18:31:11.1827030Z;3;2017-06-26T18:31:12.9660000Z;Record
4832;hack4tkSimData;32.586231079225534;68.399563780240513;2017-06-26T18:31:12.2765183Z;3;2017-06-26T18:31:14.0440000Z;Record
4833;hack4tkSimData;21.51945100469489;74.223220243222642;2017-06-26T18:31:13.3702572Z;3;2017-06-26T18:31:15.1220000Z;Record
4834;hack4tkSimData;23.308779433513422;76.904748807151222;2017-06-26T18:31:14.4640343Z;3;2017-06-26T18:31:16.1690000Z;Record
4835;hack4tkSimData;29.21793364417643;70.657293633863929;2017-06-26T18:31:15.4683683Z;3;2017-06-26T18:31:17.2470000Z;Record
